{"val_loss": [0.7492247142909486, 0.6960686069947702, 0.6977280113432143, 0.7008698089623157, 0.7029581482027784, 0.7026146635597135, 0.7019670421694532, 0.7007711367842592, 0.7001179655392965, 0.6988703998518578, 0.6975354294718048, 0.6984257970327212], "val_acc": [0.5, 0.4799382716049383, 0.5023148148148148, 0.5011574074074074, 0.5015432098765432, 0.5007716049382716, 0.4984567901234568, 0.5011574074074074, 0.5030864197530864, 0.5073302469135802, 0.5146604938271605, 0.5111882716049383], "loss": [3.0793425531391008, 0.8198752838566348, 0.695040335326835, 0.682124836968235, 0.6777191428168688, 0.6752979230411627, 0.6738093268632153, 0.6725646735479435, 0.6713882205938851, 0.6706113487620045, 0.6698803144196669, 0.6693650498342367], "acc": [0.5, 0.5, 0.5028091242283951, 0.5338782793209876, 0.5675696855709876, 0.5822964891975309, 0.5877158082561729, 0.5926287615740741, 0.5969449266975309, 0.6004894868827161, 0.6009536554783951, 0.6023099922839507]}