{"val_loss": [0.6666390984146683, 0.6227373988540085, 0.6031650547628049, 0.5869238155859487, 0.5759714495988539, 0.5628140075707141, 0.553150294739523, 0.540884765577905, 0.5319207524075921, 0.5225273915279058, 0.5117819713957515, 0.5036936431755255, 0.4966006006723569, 0.48666955806590895, 0.48346335505261834, 0.47413248964297916, 0.4670142317995613, 0.46276964081658256, 0.4568308069382185, 0.4468959695027198, 0.44153114822175765, 0.43652516198746955, 0.4334485582363458, 0.4241290526625551, 0.41955681421138624, 0.41379769091252927, 0.41111157926512354, 0.40865773772015984, 0.40172470498968055, 0.3985907597306334, 0.3964408724396317, 0.392612675089895, 0.3892352176301273, 0.38719989598533255, 0.3832104875717634, 0.3815547890133328, 0.378151465345312, 0.37528467104758745, 0.3733517700507317, 0.37123339043723214, 0.37162182250140624, 0.3687265173152641, 0.3673623336686028, 0.36541609594851365, 0.3654650663152153, 0.3629581523530277, 0.3625912879720146, 0.3617201933154353, 0.36290046646271223, 0.3593307946935112, 0.3596328710332329, 0.3593641114823612, 0.35885761034341507, 0.359703250873236, 0.3581857482592265, 0.35856700201093417, 0.35906340384188995, 0.35880626756467937, 0.3575928873485989, 0.35779104188636496, 0.3586676797749084, 0.3571377768192762, 0.3581468720494965, 0.357601844602161, 0.35954236873873957, 0.3577712814749023, 0.35718287251613756, 0.3599890742772891, 0.35803351983611964, 0.35886322605757065, 0.35868997154412446, 0.35918874394746475], "val_acc": [0.5011574074074074, 0.6388888888888888, 0.7523148148148148, 0.7777777777777778, 0.8059413580246914, 0.8094135802469136, 0.8194444444444444, 0.8225308641975309, 0.8252314814814815, 0.8256172839506173, 0.8314043209876543, 0.8329475308641975, 0.8360339506172839, 0.8387345679012346, 0.8379629629629629, 0.8422067901234568, 0.8441358024691358, 0.839891975308642, 0.8414351851851852, 0.8483796296296297, 0.8452932098765432, 0.8460648148148148, 0.8445216049382716, 0.8495370370370371, 0.8503086419753086, 0.8514660493827161, 0.847608024691358, 0.8483796296296297, 0.8526234567901234, 0.8518518518518519, 0.8491512345679012, 0.8533950617283951, 0.8530092592592593, 0.8545524691358025, 0.8545524691358025, 0.8526234567901234, 0.8553240740740741, 0.8553240740740741, 0.8560956790123457, 0.8568672839506173, 0.8553240740740741, 0.8564814814814815, 0.8580246913580247, 0.8584104938271605, 0.8580246913580247, 0.8595679012345679, 0.8584104938271605, 0.8591820987654321, 0.8568672839506173, 0.8618827160493827, 0.8591820987654321, 0.8595679012345679, 0.8584104938271605, 0.8564814814814815, 0.8580246913580247, 0.8564814814814815, 0.8560956790123457, 0.8564814814814815, 0.8568672839506173, 0.8568672839506173, 0.8560956790123457, 0.8557098765432098, 0.8545524691358025, 0.8518518518518519, 0.8530092592592593, 0.8537808641975309, 0.8514660493827161, 0.8526234567901234, 0.8545524691358025, 0.8553240740740741, 0.8557098765432098, 0.8557098765432098], "loss": [1.291573303119268, 0.6755398687573126, 0.6336203036760842, 0.6137050497633072, 0.5979732679962008, 0.583782849005527, 0.5708550006887059, 0.5586191581470179, 0.5464803196236859, 0.5349397387723496, 0.5236188216525831, 0.5129513718003844, 0.5024659499457037, 0.49179776498105054, 0.48162129978982754, 0.471881557520433, 0.461211527996685, 0.45114949827346906, 0.44137450375444726, 0.43117047253030316, 0.42067722111572453, 0.4103139990388795, 0.3990934602111394, 0.3884366312765597, 0.37694567122301204, 0.3645562215098812, 0.35248787973628, 0.34020021549759455, 0.3285265599526925, 0.31673358968332593, 0.3053929307555527, 0.29469733270759013, 0.2841583489911792, 0.2737303367919392, 0.26476409658214745, 0.2557521612889329, 0.24721221967289844, 0.23911366950329624, 0.23154425511803525, 0.22403821714199434, 0.21660266387172872, 0.20984583471637266, 0.20309368579613943, 0.19665921283425924, 0.19037883884537918, 0.18415334443619222, 0.17836042049766324, 0.1724345498246911, 0.16733089385174768, 0.162270309024111, 0.15690064881525842, 0.15199593352843765, 0.14705565532979867, 0.14258441095309402, 0.13782108305482033, 0.13363262240050566, 0.12950669930971884, 0.12499167698860904, 0.12138269797404423, 0.1174630602436531, 0.11402024605230969, 0.11028995583937676, 0.10682100999559978, 0.1033210959141775, 0.10023936237507489, 0.09687105791045376, 0.0939314186308579, 0.090968400478524, 0.08809240235958571, 0.08519228090486133, 0.08255850519111127, 0.08006145627191866], "acc": [0.5, 0.5010067033179012, 0.5425528067129629, 0.5961853780864198, 0.6202076099537037, 0.6390034239969136, 0.6546043113425926, 0.6751422646604939, 0.697705680941358, 0.7218484760802469, 0.7495539158950617, 0.7759572723765432, 0.7984423225308642, 0.8231397087191358, 0.8418511284722222, 0.8618284625771605, 0.878882137345679, 0.8946518132716049, 0.907763069058642, 0.921434944058642, 0.9337203414351852, 0.9443540219907407, 0.9554096739969136, 0.9649160879629629, 0.9738317418981481, 0.9807701581790124, 0.9855143229166666, 0.9884741512345679, 0.9906864872685185, 0.9925190489969136, 0.9935679494598766, 0.9940984278549383, 0.994580680941358, 0.9954607928240741, 0.9960334683641975, 0.9964795524691358, 0.9967689043209876, 0.9968834394290124, 0.9973114390432098, 0.9977575231481481, 0.9978539737654321, 0.9979805652006173, 0.9980529031635802, 0.9984145929783951, 0.9986436631944444, 0.9987401138117284, 0.9988305362654321, 0.9988667052469136, 0.9990535783179012, 0.9991801697530864, 0.9991620852623457, 0.9993248456790124, 0.9993429301697531, 0.9993851273148148, 0.9994333526234568, 0.9995900848765432, 0.9995478877314815, 0.9996262538580247, 0.9996443383487654, 0.9995961130401234, 0.9996925636574074, 0.9997046199845679, 0.9997106481481481, 0.9997046199845679, 0.9997347608024691, 0.9997950424382716, 0.9997890142746914, 0.9998010706018519, 0.9998372395833334, 0.9998794367283951, 0.9998191550925926, 0.9998432677469136]}