{"val_loss": [0.684752349500303, 0.6432174532501785, 0.6288586501721982, 0.6179953931290426, 0.608702427075233, 0.6009136879885638, 0.5937181637610918, 0.5892110444881298, 0.5810783439212375, 0.5769487825440772, 0.5732399747695451, 0.5680196329399392, 0.5629953175415228, 0.5621903810972049, 0.5566384961575638, 0.5527439558947528, 0.5483412632235775, 0.5471960541642742, 0.5444005013983927, 0.5414449837472703, 0.5388262544149234, 0.5372257460782557, 0.5383028741236087, 0.5339202660101431, 0.5345915990111269, 0.535716540283627, 0.5359881961787188, 0.5336726440323724, 0.5372075467933843, 0.5378701892899879, 0.5347962784178463, 0.5402470974274624, 0.5406554436977998, 0.5391660744761243, 0.5398468345771601, 0.5396135684884624, 0.540316057793888, 0.5401914208023636], "val_acc": [0.4996141975308642, 0.6331018518518519, 0.6878858024691358, 0.7102623456790124, 0.7276234567901234, 0.7442129629629629, 0.7415123456790124, 0.7445987654320988, 0.7550154320987654, 0.7492283950617284, 0.7503858024691358, 0.7534722222222222, 0.7584876543209876, 0.7507716049382716, 0.7581018518518519, 0.7557870370370371, 0.7573302469135802, 0.7565586419753086, 0.7600308641975309, 0.7561728395061729, 0.7573302469135802, 0.7592592592592593, 0.7577160493827161, 0.7596450617283951, 0.7542438271604939, 0.751929012345679, 0.7503858024691358, 0.7523148148148148, 0.7496141975308642, 0.7488425925925926, 0.7507716049382716, 0.748070987654321, 0.7492283950617284, 0.75, 0.7503858024691358, 0.7527006172839507, 0.7507716049382716, 0.7496141975308642], "loss": [1.3907644622441795, 0.7045117627921296, 0.6501514592472418, 0.6328691609985666, 0.6211949268838873, 0.611732143609796, 0.6032668530343124, 0.5953899763846471, 0.5878573559730509, 0.5810322982868479, 0.5743320721696005, 0.5677896330914931, 0.5613405873976004, 0.5550961224707188, 0.5492475124099004, 0.5431611435027954, 0.5371765318890045, 0.5311539959001504, 0.5249666304063098, 0.5191572917349361, 0.513283788215047, 0.5073369067783157, 0.5017163768916586, 0.4957616273198783, 0.49024153204151877, 0.4845793697592101, 0.4789825333857242, 0.47453261934864666, 0.46927544690760564, 0.4642373991348309, 0.45948371652191805, 0.45484250743677956, 0.4510635259204809, 0.44690961695425674, 0.4424809647126146, 0.4382089182136603, 0.43464360710371425, 0.430817608618074], "acc": [0.5, 0.5001265914351852, 0.5393096547067902, 0.5874204282407407, 0.6107132523148148, 0.6266276041666666, 0.6407576195987654, 0.6534408757716049, 0.6676010320216049, 0.6791389371141975, 0.6894410686728395, 0.6993815104166666, 0.7094003182870371, 0.7178457754629629, 0.7269844714506173, 0.7354299286265432, 0.7444299768518519, 0.7537615740740741, 0.7637261284722222, 0.7727864583333334, 0.7833236882716049, 0.7918595679012346, 0.8004376446759259, 0.8104323398919753, 0.8162012924382716, 0.8232723283179012, 0.8284324363425926, 0.8317117573302469, 0.8350151909722222, 0.8390359760802469, 0.8411337770061729, 0.8433581693672839, 0.845190731095679, 0.8477948977623457, 0.8496696566358025, 0.8512369791666666, 0.8532986111111112, 0.8548116801697531]}