{"val_loss": [0.6638903647293279, 0.6217953481791932, 0.6031588889934398, 0.5867989460627238, 0.5750285357604792, 0.5621654751860066, 0.5491156681084338, 0.5409324331048094, 0.532449671515712, 0.5219223300615946, 0.5152059006102291, 0.5052116207870436, 0.49617306097054187, 0.48980133253851055, 0.4836572872267829, 0.4786708384384344, 0.4680712973629987, 0.4646384259800852, 0.4594706628057692, 0.45525253996436976, 0.4434792259593069, 0.44302548155372523, 0.43266487894234834, 0.4306570151705801, 0.4225782501844712, 0.4188579939029835, 0.4104534589949949, 0.40661322739389205, 0.4004517028361191, 0.3955843945344289, 0.39135936822420286, 0.3858608739611543, 0.3828723312895975, 0.3794730541146832, 0.3764254414005044, 0.3743043538228965, 0.3716032493997503, 0.36751223419919427, 0.3653779007770397, 0.3637361956967248, 0.3635293245315552, 0.36213009151411646, 0.35843463039692536, 0.3567979085592576, 0.35708174219837896, 0.3568889185970212, 0.3546413713031345, 0.3538241305468995, 0.35561838414933944, 0.35326112898779505, 0.35264131978706076, 0.35344912240534654, 0.35063899409623794, 0.35301842476114814, 0.3501833298324067, 0.35105664163459965, 0.3507544883975276, 0.34908038856070717, 0.3495424209553518, 0.34892577558387944, 0.3464346675225246, 0.3460268105989621, 0.3466438340184129, 0.3484075665473938, 0.3452984661231806, 0.34352554804013097, 0.3448066700387884, 0.3457088049179242, 0.3462959940050855, 0.34527138501037785, 0.346573629680975, 0.34558005649366497, 0.34590094656120113, 0.34380349296110646, 0.34524244180432073, 0.346168832278546], "val_acc": [0.5015432098765432, 0.6373456790123457, 0.7422839506172839, 0.7789351851851852, 0.7924382716049383, 0.8113425925925926, 0.8171296296296297, 0.8267746913580247, 0.8252314814814815, 0.8279320987654321, 0.8290895061728395, 0.8275462962962963, 0.8298611111111112, 0.8279320987654321, 0.8341049382716049, 0.8317901234567902, 0.8348765432098766, 0.8356481481481481, 0.8348765432098766, 0.8329475308641975, 0.841820987654321, 0.8368055555555556, 0.845679012345679, 0.8449074074074074, 0.84375, 0.847608024691358, 0.8499228395061729, 0.8526234567901234, 0.8591820987654321, 0.8603395061728395, 0.8587962962962963, 0.8614969135802469, 0.8630401234567902, 0.8630401234567902, 0.8634259259259259, 0.8618827160493827, 0.8638117283950617, 0.8657407407407407, 0.8649691358024691, 0.8645833333333334, 0.8622685185185185, 0.8622685185185185, 0.8638117283950617, 0.8634259259259259, 0.8603395061728395, 0.8603395061728395, 0.8595679012345679, 0.8607253086419753, 0.8603395061728395, 0.8611111111111112, 0.8618827160493827, 0.8614969135802469, 0.8626543209876543, 0.8614969135802469, 0.8626543209876543, 0.8630401234567902, 0.8614969135802469, 0.8622685185185185, 0.8622685185185185, 0.8626543209876543, 0.8641975308641975, 0.8653549382716049, 0.8657407407407407, 0.8638117283950617, 0.8672839506172839, 0.8688271604938271, 0.8672839506172839, 0.8668981481481481, 0.8672839506172839, 0.8672839506172839, 0.8676697530864198, 0.8684413580246914, 0.8688271604938271, 0.8703703703703703, 0.8688271604938271, 0.8680555555555556], "loss": [1.2463330034580495, 0.6743673116980512, 0.6339152426125458, 0.6137932311099621, 0.5978872129854597, 0.5838107186036161, 0.570837154087645, 0.5586387573476926, 0.5468462496926939, 0.5352554256671372, 0.5241130157776269, 0.513394796806905, 0.5025803663963337, 0.4919934493409079, 0.4819844738108876, 0.4716576866713571, 0.4617690131827085, 0.4519066848550682, 0.4421536103925771, 0.4320016120227031, 0.421833315220328, 0.411590565789353, 0.40111336947913157, 0.39015835149926537, 0.37828259680558135, 0.36619980365359855, 0.3538826790028884, 0.3410192924770124, 0.328347212979915, 0.3162617732161357, 0.30449718499073275, 0.2932866040651721, 0.2827150243288481, 0.27255647847957815, 0.2632556796522328, 0.2540279005619663, 0.24551039965777302, 0.23768855397371047, 0.2298814973242029, 0.22229694578520678, 0.2152361691021073, 0.20831064524611942, 0.20137894841163984, 0.19504850867123882, 0.1888767684246471, 0.18301604389799414, 0.17722192469892312, 0.17143637013196208, 0.16625421946684335, 0.16084598438860273, 0.15560886468795807, 0.1508640116540554, 0.14606121327601557, 0.14165368296757894, 0.13709477650542043, 0.13257088260092761, 0.12882498962758684, 0.12483625635964635, 0.12075511190787326, 0.11678041606555106, 0.11320021764064829, 0.10972362661009862, 0.10592016184495555, 0.10270592742197124, 0.0993845418503761, 0.09616165334807227, 0.09325600643124846, 0.08998947823707612, 0.08731881438547538, 0.08448171028637408, 0.08169152268300546, 0.07918987761217135, 0.07662094697172259, 0.07430261017806414, 0.07184794590877439, 0.06953017679503026], "acc": [0.5, 0.5007896894290124, 0.5429868344907407, 0.5972523630401234, 0.6218894675925926, 0.6369237075617284, 0.6561535493827161, 0.6729178722993827, 0.6972776813271605, 0.7218183352623457, 0.748095100308642, 0.7760597511574074, 0.8003291377314815, 0.8229950327932098, 0.8436776620370371, 0.8645170235339507, 0.8794970100308642, 0.8950858410493827, 0.9084683641975309, 0.9205970293209876, 0.9328884548611112, 0.9411952642746914, 0.9520821277006173, 0.9620466820987654, 0.9706669560185185, 0.9783408082561729, 0.9844714506172839, 0.988233024691358, 0.9912893036265432, 0.9932544849537037, 0.9942792727623457, 0.995141300154321, 0.9956416377314815, 0.996557918595679, 0.9967327353395061, 0.9971607349537037, 0.9975043402777778, 0.9977936921296297, 0.997998649691358, 0.9981372974537037, 0.9983482831790124, 0.9985170717592593, 0.9985894097222222, 0.9987099729938271, 0.9987220293209876, 0.9989932966820988, 0.9989450713734568, 0.999071662808642, 0.9991560570987654, 0.9990957754629629, 0.9991861979166666, 0.9991982542438271, 0.9993429301697531, 0.9994273244598766, 0.9993549864969136, 0.9994092399691358, 0.9994273244598766, 0.9995720003858025, 0.9995418595679012, 0.9995659722222222, 0.9996081693672839, 0.9997046199845679, 0.9996563946759259, 0.9997227044753086, 0.9996684510030864, 0.9997528452932098, 0.9998251832561729, 0.9998734085648148, 0.9998432677469136, 0.9998251832561729, 0.9998432677469136, 0.9998613522376543, 0.9999216338734568, 0.9999156057098766, 0.9999095775462963, 0.9998975212191358]}