{"val_loss": [0.934248744705577, 0.6945203704598509, 0.6778613395161099, 0.6448994852878429, 0.6275115940305922, 0.6171937047699352, 0.6086087815555525, 0.6002403247503587, 0.5928940743575861, 0.5852274335460899, 0.5785404749122667, 0.5719491037321679, 0.5669901808838785, 0.5613360088548542, 0.5565235213733014, 0.5507892355506803, 0.5474515049545853, 0.5427676711553409, 0.5395848629651246, 0.5382766672122625, 0.5369306791711737, 0.5339040973304231, 0.5330987101719703, 0.5313540973045208, 0.5315411215946998, 0.5301153494252099, 0.5298334040023662, 0.5312298396487295, 0.5320203539765911, 0.5324329575638712, 0.5332263748586914, 0.5360269524432995, 0.5375534307073664, 0.5408676244594433, 0.5419815561653655, 0.5450852344065537, 0.5472814345065459], "val_acc": [0.5, 0.5, 0.6292438271604939, 0.722608024691358, 0.7264660493827161, 0.7345679012345679, 0.7399691358024691, 0.7434413580246914, 0.7422839506172839, 0.748070987654321, 0.753858024691358, 0.7523148148148148, 0.7503858024691358, 0.751929012345679, 0.7488425925925926, 0.7542438271604939, 0.7511574074074074, 0.7530864197530864, 0.7557870370370371, 0.7565586419753086, 0.7550154320987654, 0.753858024691358, 0.7534722222222222, 0.751929012345679, 0.75, 0.7496141975308642, 0.7492283950617284, 0.7492283950617284, 0.7488425925925926, 0.7488425925925926, 0.7496141975308642, 0.75, 0.7503858024691358, 0.7511574074074074, 0.7484567901234568, 0.7465277777777778, 0.7449845679012346], "loss": [1.96722774764086, 0.8910266402418967, 0.6997610071650994, 0.6671497720857094, 0.6440729869092688, 0.62890219056036, 0.6162424906628368, 0.6046447935111728, 0.5931617029609135, 0.5819512445387649, 0.5700876261625025, 0.5580659299445005, 0.5460070132933281, 0.5340799127969845, 0.5217385787378859, 0.5093880844658908, 0.49610347163943963, 0.48414137741021906, 0.4712858795084887, 0.45948875213708773, 0.44740356433630724, 0.43606940991486665, 0.42463868609227146, 0.41393951174837573, 0.40316388557124655, 0.3931158089573369, 0.3833546900753806, 0.37370406186645044, 0.36457514641001637, 0.35583713753033935, 0.34708489124651676, 0.33863080106675625, 0.33125965466239937, 0.323529962864187, 0.3160860134392149, 0.30892874490193745, 0.30239149988456454], "acc": [0.5, 0.5, 0.5003255208333334, 0.5212673611111112, 0.5658275462962963, 0.5940031828703703, 0.6157527970679012, 0.6370744116512346, 0.6574435763888888, 0.6808750482253086, 0.7049394772376543, 0.7302939332561729, 0.7537676022376543, 0.7813645351080247, 0.8065803433641975, 0.8356541763117284, 0.8595980420524691, 0.8826195987654321, 0.9046947337962963, 0.9199821566358025, 0.9344316647376543, 0.9438898533950617, 0.950731819058642, 0.9562958140432098, 0.9595811631944444, 0.962378231095679, 0.9646749614197531, 0.9666702835648148, 0.9676830150462963, 0.96923828125, 0.9705946180555556, 0.9713782793209876, 0.9719388985339507, 0.9726743344907407, 0.9733796296296297, 0.973681037808642, 0.9741271219135802]}