{"val_loss": [0.6834787439416956, 0.646215694921988, 0.6311040079152143, 0.6216882894068588, 0.6132471826341417, 0.6044254781287394, 0.5986776844954785, 0.5914415503725593, 0.5868767117276604, 0.5802701329007561, 0.5751221856953185, 0.5704751780003677, 0.5683317096145065, 0.5635598103205363, 0.5581157170696023, 0.5565957566838206, 0.5542344634915576, 0.5512007710374431, 0.5469601110175804, 0.5462720614892466, 0.5418372536882942, 0.5425196635870286, 0.5428467039708738, 0.5408675449865835, 0.5425016600408672, 0.5420882039599948, 0.5426730918295589, 0.5427683746373212, 0.5417649194046303, 0.5451266625781118, 0.5441377626525031, 0.5436280399192999, 0.5444536746284108, 0.546452796753542], "val_acc": [0.4988425925925926, 0.623070987654321, 0.6724537037037037, 0.6952160493827161, 0.7175925925925926, 0.7322530864197531, 0.7372685185185185, 0.7380401234567902, 0.7391975308641975, 0.7415123456790124, 0.7399691358024691, 0.7418981481481481, 0.7465277777777778, 0.7469135802469136, 0.748070987654321, 0.746141975308642, 0.7488425925925926, 0.7457561728395061, 0.75, 0.7465277777777778, 0.75, 0.7472993827160493, 0.748070987654321, 0.7472993827160493, 0.7488425925925926, 0.7507716049382716, 0.7472993827160493, 0.7492283950617284, 0.7507716049382716, 0.75, 0.7496141975308642, 0.7507716049382716, 0.7515432098765432, 0.75], "loss": [1.3203947487298722, 0.7039581584157767, 0.6513594258576632, 0.6339082953140691, 0.6223457323410261, 0.6123791557311276, 0.6035251252491165, 0.5956121899854437, 0.5880773903595077, 0.5806502474839856, 0.5736770352210712, 0.5669463216614576, 0.5602608511086415, 0.5536997961225333, 0.547134894705205, 0.5406896771265217, 0.5340350492179026, 0.5276016960794359, 0.5210613273429098, 0.5143667446725346, 0.5077277844610774, 0.5016590618746885, 0.495606043226557, 0.4902946519331984, 0.48503674731164437, 0.47990317297754465, 0.4752657912372623, 0.4700150606624874, 0.4658642413991469, 0.4609509174493544, 0.45659823690391615, 0.45199677259603765, 0.44765928107095354, 0.4437748446577677], "acc": [0.5, 0.5009584780092593, 0.5377182195216049, 0.5817539544753086, 0.605516975308642, 0.6230890721450617, 0.6383764949845679, 0.6525667920524691, 0.6637128665123457, 0.6765407986111112, 0.6874578028549383, 0.6984230324074074, 0.7080258969907407, 0.7183581693672839, 0.7292269483024691, 0.7385284047067902, 0.7497649016203703, 0.7615499614197531, 0.7754750192901234, 0.7859037422839507, 0.7979480131172839, 0.8064416956018519, 0.8138985339506173, 0.8198664158950617, 0.8248456790123457, 0.828565055941358, 0.8321518132716049, 0.8362931616512346, 0.8389696662808642, 0.8422248746141975, 0.8441659432870371, 0.8463541666666666, 0.8486388406635802, 0.8505859375]}