{"val_loss": [1.88429640987773, 0.760039351604603, 0.6925725120085257, 0.6484300177774311, 0.6220758756001791, 0.6085834400153455, 0.5999900536772645, 0.5952127384550777, 0.5884656964996715, 0.5866129442497536, 0.5802032123377294, 0.5757055142779409, 0.5712557155408977, 0.5671752992971444, 0.5634910618817365, 0.558660089969635, 0.5558344265561045, 0.5549152515552662, 0.5505410425456954, 0.5464945060235483, 0.5469111976800142, 0.542483315055753, 0.5399621945840342, 0.538913529596211, 0.5333208257769361, 0.5325419203734693, 0.532239368668309, 0.5284546223687537, 0.5276526867607494, 0.5265117059519262, 0.5245215002401376, 0.5256386590592655, 0.5254017607665357, 0.5244498672308745, 0.5248491918599164, 0.5253537790274915, 0.5276594787468145, 0.5297889356259946, 0.5319701999793818, 0.5353373929306313, 0.5365459381798168], "val_acc": [0.5, 0.5, 0.5023148148148148, 0.6620370370370371, 0.6963734567901234, 0.7195216049382716, 0.7214506172839507, 0.7272376543209876, 0.7295524691358025, 0.7272376543209876, 0.7322530864197531, 0.7314814814814815, 0.7326388888888888, 0.7322530864197531, 0.7303240740740741, 0.7322530864197531, 0.7318672839506173, 0.7318672839506173, 0.7330246913580247, 0.7372685185185185, 0.7318672839506173, 0.7376543209876543, 0.7372685185185185, 0.7345679012345679, 0.7368827160493827, 0.7430555555555556, 0.7384259259259259, 0.7422839506172839, 0.7445987654320988, 0.7445987654320988, 0.7476851851851852, 0.7476851851851852, 0.7469135802469136, 0.7484567901234568, 0.7527006172839507, 0.7515432098765432, 0.7507716049382716, 0.75, 0.7453703703703703, 0.7438271604938271, 0.7438271604938271], "loss": [4.231394781788558, 1.7480079333677336, 0.7985290312840615, 0.6840669811691766, 0.6458937358111143, 0.6242378729591032, 0.6100657227000704, 0.5994164893104706, 0.590217209432596, 0.5817561446585588, 0.5733745067414863, 0.5648879525769088, 0.5562794225313413, 0.5475764099025616, 0.539081909429328, 0.5299996683190082, 0.5208497643355786, 0.5120121414117791, 0.5032219444918964, 0.4936579163013785, 0.4846417489864024, 0.47564758000504453, 0.46560526886426007, 0.45665571509779973, 0.4469369046482039, 0.4369028279511833, 0.42676349945458364, 0.418660644867262, 0.4084998386003721, 0.39896977115652443, 0.3898563573803799, 0.3807749898851286, 0.3718739102284114, 0.362998593610102, 0.3540695520853739, 0.34589331773006254, 0.3368726254751285, 0.3290905494610836, 0.3206636773445356, 0.31425872288161405, 0.3074661003667171], "acc": [0.5, 0.5, 0.49999397183641975, 0.5128399884259259, 0.5826099537037037, 0.6246383101851852, 0.6485158661265432, 0.6630678530092593, 0.6789460358796297, 0.6916353202160493, 0.7051926601080247, 0.7170259452160493, 0.7303301022376543, 0.7432364004629629, 0.7542860243055556, 0.7671260127314815, 0.7782540027006173, 0.7923659336419753, 0.8052541473765432, 0.8178590374228395, 0.8278838734567902, 0.8406816647376543, 0.8531418788580247, 0.8634681230709876, 0.8756872106481481, 0.8868634259259259, 0.8976900077160493, 0.9054361979166666, 0.9145447530864198, 0.9224778163580247, 0.9306821469907407, 0.937035831404321, 0.9427866994598766, 0.9486460744598766, 0.9531370563271605, 0.9570613908179012, 0.9612147955246914, 0.9636983989197531, 0.9669174382716049, 0.9680025077160493, 0.9697265625]}