{"val_loss": [0.6612544148056595, 0.6448965072631836, 0.6309189546255418, 0.6198933249638404, 0.6090458182641018, 0.59981095938035, 0.5911507518203171, 0.5835259475825746, 0.5760080542093442, 0.5702092117733426, 0.5649626409565961, 0.5588208598855101, 0.5558053063757625, 0.5517435883298333, 0.549161003695594, 0.5462903041898468, 0.5433851245008869, 0.5418623030921559, 0.5399686502821651, 0.5400667554802365, 0.5401118647905043, 0.5387487959714583, 0.5408562649915247, 0.5405105804955518, 0.5421673633434154, 0.5437749605855824, 0.545517791936427, 0.5470621423956789, 0.5497910214795007, 0.5499714491543947, 0.5534189107977314, 0.5557830495598876], "val_acc": [0.5462962962962963, 0.6265432098765432, 0.6793981481481481, 0.7033179012345679, 0.714891975308642, 0.7245370370370371, 0.7353395061728395, 0.7418981481481481, 0.7434413580246914, 0.7465277777777778, 0.7488425925925926, 0.7503858024691358, 0.7554012345679012, 0.7565586419753086, 0.7596450617283951, 0.7611882716049383, 0.7654320987654321, 0.7665895061728395, 0.7685185185185185, 0.7689043209876543, 0.7708333333333334, 0.7708333333333334, 0.7723765432098766, 0.7739197530864198, 0.7731481481481481, 0.7739197530864198, 0.7750771604938271, 0.7719907407407407, 0.7739197530864198, 0.7727623456790124, 0.7716049382716049, 0.7731481481481481], "loss": [0.7045091537091835, 0.6639504024735939, 0.64921476347027, 0.6372152252099764, 0.6260445405855591, 0.6152725116706189, 0.6050027853314891, 0.5948981645712514, 0.5849247626776313, 0.5752312452589841, 0.5655410233195182, 0.556246518973767, 0.5472093577393227, 0.538683895930004, 0.5301612887853457, 0.5218806724742423, 0.5137050865149057, 0.5061005402793303, 0.49882914597329536, 0.4913893207378777, 0.4847883558199729, 0.4783411438082471, 0.4713902659484266, 0.4654598846387716, 0.45964892353448605, 0.45397987746760066, 0.448711311272173, 0.4437312345698844, 0.43852595197335803, 0.43371269654160666, 0.4289933938395094, 0.42479252509404847], "acc": [0.5, 0.5, 0.5009223090277778, 0.5054012345679012, 0.5141420717592593, 0.5272292148919753, 0.5470799575617284, 0.5781189718364198, 0.6201774691358025, 0.6675106095679012, 0.7144519193672839, 0.7584755979938271, 0.7822808159722222, 0.806104118441358, 0.8206380208333334, 0.8301203221450617, 0.8379991319444444, 0.8429723668981481, 0.8472644193672839, 0.8514720775462963, 0.8534975405092593, 0.8552155671296297, 0.8570481288580247, 0.8589470003858025, 0.8612135898919753, 0.8623107156635802, 0.8628351658950617, 0.8634862075617284, 0.8653549382716049, 0.8665665991512346, 0.8673321759259259, 0.8682544849537037]}