{"val_loss": [0.7247215663945233, 0.627077834105786, 0.5968526645942971, 0.5789281460973952, 0.5660239266760555, 0.5494865598501982, 0.5414885701956572, 0.532333008301111, 0.520468306026341, 0.5111455939434193, 0.5058705372574889, 0.5010034383079152, 0.4882897241615955, 0.48600237825770437, 0.48294392927193347, 0.4754883227524934, 0.4724076478569596, 0.467220534880956, 0.4613041701140227, 0.45441854735951365, 0.4559101160661674, 0.45126469083774234, 0.45588772826724583, 0.44278981582618054, 0.443766987250175, 0.44026151409855596, 0.4394509799686479, 0.4357089105947518, 0.43419880557943275, 0.43538229296236863, 0.4337905435650437, 0.4338055127932702, 0.4342321587933434, 0.42811502939389073, 0.428873089728532, 0.43840488533914823, 0.424468618116261, 0.429284029904707, 0.4320763172926726, 0.42531128540451146, 0.43335845440994075, 0.4262717943868519, 0.43200152891653554, 0.42698395988087595, 0.4306644285902565, 0.42557483653963346, 0.4261591544857732], "val_acc": [0.5, 0.6157407407407407, 0.7681327160493827, 0.7970679012345679, 0.808641975308642, 0.8314043209876543, 0.8194444444444444, 0.8287037037037037, 0.8256172839506173, 0.8252314814814815, 0.8271604938271605, 0.8252314814814815, 0.8294753086419753, 0.8236882716049383, 0.8248456790123457, 0.8233024691358025, 0.8229166666666666, 0.8225308641975309, 0.8244598765432098, 0.8240740740740741, 0.8179012345679012, 0.8148148148148148, 0.8055555555555556, 0.8136574074074074, 0.810570987654321, 0.8136574074074074, 0.8090277777777778, 0.8078703703703703, 0.8101851851851852, 0.8036265432098766, 0.8040123456790124, 0.8059413580246914, 0.8032407407407407, 0.8047839506172839, 0.8043981481481481, 0.7916666666666666, 0.8032407407407407, 0.7986111111111112, 0.7951388888888888, 0.7993827160493827, 0.7939814814814815, 0.7943672839506173, 0.7959104938271605, 0.8005401234567902, 0.7959104938271605, 0.7997685185185185, 0.8009259259259259], "loss": [2.7705698876101295, 0.7338944353209234, 0.6461986120514296, 0.6148819618708925, 0.5941653979459295, 0.5780625777135109, 0.563554480775363, 0.5507799277404024, 0.5386951843529572, 0.5278246589694862, 0.5168422624859729, 0.5065351854894816, 0.4963349811272857, 0.4871456563058827, 0.47809703838954, 0.46928044355669873, 0.4605261759694528, 0.4522804390225146, 0.4442323729924766, 0.4363331185929753, 0.42920681904357527, 0.4214859913436719, 0.41435264111898934, 0.4076554683945429, 0.4005921102117425, 0.3940334145416632, 0.3873472119348101, 0.38116470634661337, 0.37531421968230494, 0.36928422402958444, 0.36349343477437895, 0.3575548093168088, 0.3519054408196682, 0.346357186048947, 0.3409608112372182, 0.33533951047991895, 0.32996268063369727, 0.3239682751397292, 0.31816456747459776, 0.3128821263894623, 0.3065647934965881, 0.3015692299174398, 0.2958311922273334, 0.29024524454395345, 0.28475457673064536, 0.27942597930446084, 0.27335168575339114], "acc": [0.5, 0.500024112654321, 0.52099609375, 0.5879207658179012, 0.6254943094135802, 0.6460503472222222, 0.6700002411265432, 0.6938355999228395, 0.7197989004629629, 0.744580680941358, 0.7687656732253086, 0.7930953414351852, 0.8152126736111112, 0.8313681520061729, 0.8481143904320988, 0.8633957851080247, 0.8743429301697531, 0.8846510898919753, 0.8942057291666666, 0.9020664544753086, 0.9082573784722222, 0.9146532600308642, 0.9201147762345679, 0.9237075617283951, 0.9283010223765432, 0.9319420331790124, 0.9347632137345679, 0.9371985918209876, 0.9403995466820988, 0.9426480516975309, 0.9445107542438271, 0.9470486111111112, 0.9471872588734568, 0.9502314814814815, 0.9502073688271605, 0.9529501832561729, 0.9539749710648148, 0.9565610532407407, 0.9585865162037037, 0.9602201485339507, 0.9617030767746914, 0.9636320891203703, 0.9656575520833334, 0.9669053819444444, 0.9683159722222222, 0.9695336612654321, 0.9714325327932098]}