{"val_loss": [0.7449860675835315, 0.699840784072876, 0.6998878504023139, 0.7022651463379095, 0.7048625960762118, 0.7057885667424143, 0.706618082376174, 0.7071949346565906, 0.7063080881848748, 0.7059933182633953, 0.705893423822191, 0.7056748337215848], "val_acc": [0.5, 0.4660493827160494, 0.4930555555555556, 0.5023148148148148, 0.5015432098765432, 0.503858024691358, 0.5023148148148148, 0.503858024691358, 0.503858024691358, 0.5034722222222222, 0.5061728395061729, 0.5042438271604939], "loss": [2.8940127550589816, 0.803837395997511, 0.693016631597722, 0.6819866782997126, 0.6779715820779035, 0.6764798802956019, 0.6754708242039253, 0.6747423379601519, 0.6741373396398108, 0.673763932844187, 0.6732477067429342, 0.6728633674620478], "acc": [0.5, 0.5, 0.5012960551697531, 0.5325279706790124, 0.5662615740740741, 0.5777633101851852, 0.5809100115740741, 0.5824291087962963, 0.5835985725308642, 0.5849488811728395, 0.5870165412808642, 0.5884211033950617]}