{"val_loss": [0.7106365583561085, 0.6958825647095104, 0.6970468097262912, 0.6992652695855976, 0.7011038874402459, 0.7028991837560394, 0.7040392079471071, 0.70508693397781, 0.7056909048998797, 0.7059405652093299, 0.7064940031663871, 0.7067553739488861], "val_acc": [0.5, 0.4691358024691358, 0.4984567901234568, 0.5, 0.501929012345679, 0.5027006172839507, 0.5015432098765432, 0.5027006172839507, 0.5027006172839507, 0.5034722222222222, 0.5030864197530864, 0.5034722222222222], "loss": [1.7792410945726767, 0.7296435473325812, 0.6881927678384531, 0.6814336524011544, 0.6782665971298645, 0.6769701229799309, 0.676314106464018, 0.6759645038824759, 0.6756934752618825, 0.6755267759486113, 0.6754800419058696, 0.6753420950959862], "acc": [0.5, 0.5, 0.5023087866512346, 0.5344871238425926, 0.5639588155864198, 0.5735616801697531, 0.5770700713734568, 0.5782576195987654, 0.5788905767746914, 0.5793607735339507, 0.5789388020833334, 0.5793065200617284]}