{"val_loss": [0.6427982383304172, 0.6218669517540637, 0.605126248465644, 0.589980779606619, 0.5744615793228149, 0.5579553871978948, 0.5427266499142588, 0.5294645524319307, 0.5147945711642136, 0.502515795790119, 0.4901932610405816, 0.47901164602350305, 0.46839534058982946, 0.4580096422154226, 0.449621895213186, 0.44200711265022374, 0.4350150198112299, 0.4282407694392734, 0.42248634055808737, 0.4170748738594997, 0.4138695884633947, 0.40885119673646525, 0.40642076914693104, 0.4017765216621352, 0.39860448940300647, 0.39739610309954043, 0.3954054264374721, 0.3955824452417868, 0.3937394736725607, 0.39072305405581437, 0.39012658890382745, 0.3892084003230672, 0.3888015195175453, 0.3873748183250427, 0.38646852050298525, 0.386843388463244, 0.3854926890797085, 0.3862320758678295, 0.38486260102118974, 0.3856081160498254, 0.38550660639633366, 0.3835213971726688, 0.38425308907473527, 0.38500350640143877, 0.3856401899714529, 0.3855163867090955, 0.38692217550159974, 0.3849084414081809, 0.3864926055625633, 0.3871061286808532, 0.3867555047258919, 0.38790689206417694], "val_acc": [0.5231481481481481, 0.6682098765432098, 0.7457561728395061, 0.7847222222222222, 0.8070987654320988, 0.816358024691358, 0.8267746913580247, 0.8364197530864198, 0.8395061728395061, 0.8460648148148148, 0.8429783950617284, 0.8445216049382716, 0.847608024691358, 0.8479938271604939, 0.8487654320987654, 0.8514660493827161, 0.8522376543209876, 0.8526234567901234, 0.8568672839506173, 0.8564814814814815, 0.8560956790123457, 0.8557098765432098, 0.8526234567901234, 0.8526234567901234, 0.8510802469135802, 0.8464506172839507, 0.8449074074074074, 0.8414351851851852, 0.8391203703703703, 0.8391203703703703, 0.8379629629629629, 0.8379629629629629, 0.8379629629629629, 0.8387345679012346, 0.8383487654320988, 0.8375771604938271, 0.8379629629629629, 0.8379629629629629, 0.8383487654320988, 0.8383487654320988, 0.8383487654320988, 0.8387345679012346, 0.8391203703703703, 0.8375771604938271, 0.8375771604938271, 0.8368055555555556, 0.8360339506172839, 0.8375771604938271, 0.8360339506172839, 0.8352623456790124, 0.8356481481481481, 0.8360339506172839], "loss": [0.7398766849511935, 0.652400488677768, 0.6313148273132098, 0.6148687084837828, 0.5992500620813649, 0.5833018374755795, 0.5671543075507621, 0.5513355939959487, 0.5355041644501465, 0.5198714075679028, 0.5040773717042657, 0.48849482821691553, 0.47318826498532734, 0.45884341394735706, 0.44460327217332374, 0.4308829789084417, 0.41759266100685904, 0.40495796595918543, 0.3924354659623386, 0.3804471447580942, 0.3692019907067771, 0.35774334662674384, 0.34707656695886896, 0.3369799405221402, 0.3268749374942279, 0.3173943631305003, 0.30797806144749496, 0.29902310354382167, 0.2904160924738756, 0.2818463413838159, 0.27368598078366047, 0.2660206720681378, 0.25855469352991123, 0.2509966795677664, 0.24426896499331902, 0.2376618965379434, 0.23134945570433765, 0.2250444013337938, 0.21893042054050316, 0.21315310003787832, 0.20748171276401406, 0.2022506571719768, 0.19683723860523766, 0.19180098760091227, 0.18689199419186256, 0.18224935279584226, 0.17778111386032383, 0.17342398149524757, 0.16924990178085864, 0.16508392689830084, 0.16104774662281995, 0.15722498757891173], "acc": [0.5, 0.5013322241512346, 0.5243236400462963, 0.5477611400462963, 0.5638744212962963, 0.5816273630401234, 0.5996636284722222, 0.6290931230709876, 0.6908817997685185, 0.7706404320987654, 0.8644205729166666, 0.9276801215277778, 0.9603527681327161, 0.9744164737654321, 0.9797212577160493, 0.9822952835648148, 0.9840012538580247, 0.9849838445216049, 0.9857795621141975, 0.986304012345679, 0.9867440682870371, 0.9871780960648148, 0.9878291377314815, 0.9881124614197531, 0.9883415316358025, 0.9886007426697531, 0.9888117283950617, 0.9891734182098766, 0.989209587191358, 0.9893904320987654, 0.9896195023148148, 0.9895893614969136, 0.9897762345679012, 0.9899269386574074, 0.9899148823302469, 0.9901138117283951, 0.990234375, 0.9903067129629629, 0.9903730227623457, 0.9903127411265432, 0.9904875578703703, 0.9905116705246914, 0.9905357831790124, 0.9905237268518519, 0.9907407407407407, 0.9906925154320988, 0.9906503182870371, 0.9907045717592593, 0.9906503182870371, 0.9908432195216049, 0.990746768904321, 0.9908552758487654]}