{"val_loss": [0.7026717670169877, 0.6518060645939391, 0.628289274227472, 0.6178881275801011, 0.6098157851784317, 0.6023465483276932, 0.5954692466759387, 0.5894280863396916, 0.5856068796581693, 0.5789182642359793, 0.5761732289820541, 0.5714551673995124, 0.5692199233137532, 0.5660944764996753, 0.5622002283732096, 0.5617766895411928, 0.5621102842283837, 0.5609941114614039, 0.5589569291950743, 0.5559622998590823, 0.5558214496683191, 0.5544194019870994, 0.5521467423733369, 0.5512301392025418, 0.553306508211442, 0.5519970265435584, 0.5524800625848182, 0.5531689576160761, 0.5525527949686404, 0.5558758120477936, 0.5505556868918148, 0.5565935682367396, 0.5560471540615882, 0.5599423352582955, 0.5623237983680066, 0.5598485425666526, 0.5674446431207069, 0.5727568379154911, 0.5707799350773847, 0.575602415903115, 0.5709573089340587], "val_acc": [0.5, 0.5648148148148148, 0.6944444444444444, 0.7191358024691358, 0.7164351851851852, 0.7318672839506173, 0.7310956790123457, 0.7334104938271605, 0.7330246913580247, 0.7314814814814815, 0.7299382716049383, 0.7349537037037037, 0.7364969135802469, 0.7334104938271605, 0.7376543209876543, 0.7353395061728395, 0.7318672839506173, 0.7330246913580247, 0.7287808641975309, 0.7318672839506173, 0.7280092592592593, 0.7299382716049383, 0.7307098765432098, 0.7337962962962963, 0.7264660493827161, 0.7341820987654321, 0.7310956790123457, 0.7326388888888888, 0.7303240740740741, 0.7326388888888888, 0.7326388888888888, 0.7280092592592593, 0.7287808641975309, 0.7276234567901234, 0.7303240740740741, 0.7334104938271605, 0.7310956790123457, 0.7322530864197531, 0.7334104938271605, 0.7337962962962963, 0.7341820987654321], "loss": [2.0532188194999357, 0.7439783249326326, 0.6570139214580442, 0.6337585722636662, 0.6198271736272691, 0.6093891388564198, 0.6007247800582353, 0.5927388353940145, 0.585624255998819, 0.5785362956999445, 0.5721157311956272, 0.5657384707879873, 0.5601787641759456, 0.5546242429380431, 0.5496933449312676, 0.5445654961498984, 0.5397269611511334, 0.5349708919493873, 0.5301907366532602, 0.5261425565192361, 0.5215869241359609, 0.5178934674894, 0.5138457934084681, 0.5097267266109954, 0.5060496302091597, 0.5019707910049661, 0.49819567315510394, 0.49446108576232267, 0.4909563702933582, 0.4859117319531463, 0.4823336598037938, 0.4779202313288862, 0.4740115095757776, 0.4689332421547101, 0.4654855471748261, 0.46017275004429214, 0.45591596527783956, 0.4520426892135062, 0.4481509330992897, 0.44456671120851865, 0.440565212054845], "acc": [0.5, 0.5000060281635802, 0.5233651620370371, 0.5814404899691358, 0.6107614776234568, 0.6311547550154321, 0.6469425154320988, 0.6598789544753086, 0.6734423225308642, 0.6860652970679012, 0.6975429205246914, 0.7073085455246914, 0.7159469039351852, 0.7243742766203703, 0.7321747202932098, 0.7380461516203703, 0.7448398919753086, 0.7511031539351852, 0.7553891782407407, 0.7601574556327161, 0.7652934510030864, 0.7699411651234568, 0.773877555941358, 0.7766324266975309, 0.7803397472993827, 0.7835708429783951, 0.7874770929783951, 0.7904308931327161, 0.7933123553240741, 0.7978877314814815, 0.8012273341049383, 0.8063211323302469, 0.8097571855709876, 0.8153995466820988, 0.8180217978395061, 0.8239113136574074, 0.8265938464506173, 0.830029899691358, 0.8325858410493827, 0.8353949652777778, 0.8377338927469136]}