{"val_loss": [0.6926941540506151, 0.6914244456055724, 0.6894885389893143, 0.6843761897381441, 0.6744143285869081, 0.6616803584275422, 0.6493731170524786, 0.6382685885017301, 0.628307385209166, 0.6185928627296731, 0.6083775376096184, 0.6001268595825007, 0.5920945038030176, 0.5862373636092668, 0.5795987012945576, 0.5747364236984724, 0.5706105820926619, 0.5680546245457213, 0.5650975649003629, 0.5642150250481971, 0.562407065320898, 0.5626401386143248, 0.5632419564105846, 0.5646753730597319, 0.5656177784189765, 0.5674092357541308, 0.5686791664288368, 0.5715958012474908, 0.5745186268547435, 0.5781225871156763, 0.5817428415204272], "val_acc": [0.5, 0.5868055555555556, 0.6620370370370371, 0.6280864197530864, 0.6381172839506173, 0.6674382716049383, 0.6844135802469136, 0.7013888888888888, 0.7075617283950617, 0.7164351851851852, 0.7210648148148148, 0.7233796296296297, 0.7268518518518519, 0.7291666666666666, 0.7264660493827161, 0.7341820987654321, 0.7268518518518519, 0.7249228395061729, 0.7280092592592593, 0.7314814814814815, 0.7264660493827161, 0.7272376543209876, 0.7264660493827161, 0.7264660493827161, 0.7276234567901234, 0.7222222222222222, 0.7303240740740741, 0.7268518518518519, 0.7249228395061729, 0.7283950617283951, 0.7264660493827161], "loss": [0.7514129004406708, 0.6925953427030717, 0.6912299687341775, 0.6888565925398359, 0.6835459890648906, 0.6751091365736944, 0.6650743680879657, 0.6547121882300686, 0.6437836740809826, 0.6325634979401473, 0.6206617573575105, 0.6083521740626038, 0.5951268497256585, 0.5817507494608929, 0.5679889501037972, 0.5543640372630807, 0.5410000022132824, 0.5279520347277508, 0.5149511814715317, 0.5031301972375791, 0.4914834196851761, 0.4805693703094198, 0.47049407677058086, 0.4609272080347126, 0.45218507454581097, 0.44353197167776987, 0.4352821277017579, 0.4275100594961349, 0.42006532098224136, 0.41304667334267753, 0.40665830134839553], "acc": [0.5, 0.5029658564814815, 0.5008740837191358, 0.5001205632716049, 0.5000060281635802, 0.5000120563271605, 0.5001567322530864, 0.5023328993055556, 0.5117790316358025, 0.5283625096450617, 0.5515709394290124, 0.5774980709876543, 0.6144868827160493, 0.6485761477623457, 0.6963433159722222, 0.7391071084104939, 0.7821059992283951, 0.8212227527006173, 0.8520688657407407, 0.8736195505401234, 0.8898654513888888, 0.8986424575617284, 0.9043330439814815, 0.9069613233024691, 0.9086853780864198, 0.9099573206018519, 0.9111629533179012, 0.9116632908950617, 0.9122661072530864, 0.9123203607253086, 0.9127543885030864]}