{"val_loss": [0.797692961162991, 0.692058789877244, 0.6903065516624922, 0.6835926668143567, 0.675972275527907, 0.6706936352046919, 0.666384373182132, 0.6623377270168729, 0.658100817674472, 0.6552595643349636, 0.6517423884368237, 0.6489820458270885, 0.646671869136669, 0.6435789944213114, 0.6413829392857022, 0.6386515534954307, 0.6375448409421944, 0.6353018784228667, 0.6339390520696286, 0.6320989205513472, 0.6309199848292787, 0.6303490576920686, 0.6288910868727131, 0.6284343232343226, 0.6289055678579543, 0.6283792816562417, 0.6294833178873416, 0.6301575119112744, 0.6302448967356741, 0.6312396187841156, 0.6329082596449205, 0.6357867901707873, 0.6365012188016632, 0.6397280347200087], "val_acc": [0.5, 0.5050154320987654, 0.5216049382716049, 0.5590277777777778, 0.6003086419753086, 0.6072530864197531, 0.6195987654320988, 0.6277006172839507, 0.6331018518518519, 0.6446759259259259, 0.6469907407407407, 0.6485339506172839, 0.6512345679012346, 0.6520061728395061, 0.6485339506172839, 0.6504629629629629, 0.6477623456790124, 0.6493055555555556, 0.6496913580246914, 0.6496913580246914, 0.6485339506172839, 0.6473765432098766, 0.6458333333333334, 0.6454475308641975, 0.6412037037037037, 0.6419753086419753, 0.6408179012345679, 0.6400462962962963, 0.6385030864197531, 0.6365740740740741, 0.6377314814814815, 0.6388888888888888, 0.6419753086419753, 0.6365740740740741], "loss": [1.4500644777751999, 0.7719789331571923, 0.69333477637926, 0.686404428732248, 0.6793714567191071, 0.6726490048990573, 0.6668169642396179, 0.6615549837595519, 0.6564521515443001, 0.6517024690998189, 0.6468123693571046, 0.6419652960964559, 0.6373304275818813, 0.6324861933833655, 0.6273557228714596, 0.6227185877936857, 0.6175398563299282, 0.6122164887916527, 0.6071125814622199, 0.6017295986092017, 0.5969094688785664, 0.5910148817447969, 0.585844993867256, 0.5805750413349381, 0.5755232415265508, 0.5707209709525844, 0.565819563344121, 0.5616640914806429, 0.5573208863720481, 0.5527693403447852, 0.5488340523047948, 0.5454053598812517, 0.5421389050229832, 0.5387672435860207], "acc": [0.5, 0.5, 0.5023630401234568, 0.5299539448302469, 0.5516251929012346, 0.5689320505401234, 0.5874385127314815, 0.6062885802469136, 0.6258801118827161, 0.6403356481481481, 0.6561234085648148, 0.6686499324845679, 0.6803445698302469, 0.6910144193672839, 0.7010211709104939, 0.7097258391203703, 0.7175202546296297, 0.7246455439814815, 0.7306254822530864, 0.7364185474537037, 0.739209587191358, 0.7450147087191358, 0.7477273823302469, 0.7507414641203703, 0.7520375192901234, 0.7540629822530864, 0.7556483892746914, 0.7561969521604939, 0.7576557677469136, 0.7588794849537037, 0.7595968364197531, 0.7595546392746914, 0.7598017939814815, 0.7606517650462963]}