{"val_loss": [0.69833947552575, 0.6944688455558118, 0.6959764177416577, 0.6971222427156236, 0.6980046931608224, 0.6991977573912821, 0.6999794141745862, 0.7002900220729686, 0.700536901568189, 0.7010002195099254, 0.7009296829317823, 0.7010523985933375], "val_acc": [0.49614197530864196, 0.49266975308641975, 0.5011574074074074, 0.5011574074074074, 0.5015432098765432, 0.5023148148148148, 0.5007716049382716, 0.5023148148148148, 0.5007716049382716, 0.5034722222222222, 0.5057870370370371, 0.5046296296296297], "loss": [1.2806361922879277, 0.707536829934444, 0.683359051330222, 0.6795329316116777, 0.6772355308503281, 0.6759945976283447, 0.6752701585215551, 0.6745467104569629, 0.6742840316146612, 0.6739111686194384, 0.6735175328076254, 0.6732518962228004], "acc": [0.5, 0.5000723379629629, 0.5210624035493827, 0.5575086805555556, 0.5748034818672839, 0.5808557581018519, 0.5821759259259259, 0.5835925443672839, 0.5841893325617284, 0.5837311921296297, 0.5850995852623457, 0.5856782889660493]}