{"val_loss": [0.6954975172325417, 0.6950975406317064, 0.696073630709707, 0.697005757579097, 0.6983452534969942, 0.6991534056486907, 0.7000818223129084, 0.7008183223229868, 0.7013437306439435, 0.7017578615082635, 0.7025564850112538, 0.7028608425163928], "val_acc": [0.4363425925925926, 0.5030864197530864, 0.5003858024691358, 0.501929012345679, 0.49459876543209874, 0.4949845679012346, 0.4957561728395062, 0.4965277777777778, 0.4965277777777778, 0.4976851851851852, 0.4984567901234568, 0.4988425925925926], "loss": [0.8462192849888478, 0.6937878846800254, 0.6845919118941198, 0.6814369448219184, 0.6796737578640013, 0.6786887269283151, 0.6780832587614839, 0.6775516798190865, 0.6773112683246533, 0.6769240845316722, 0.6769017567973078, 0.6766460593789816], "acc": [0.5, 0.49977695794753085, 0.5175660686728395, 0.5543619791666666, 0.5656467013888888, 0.5679856288580247, 0.5703727816358025, 0.5714277102623457, 0.5719280478395061, 0.5735255111882716, 0.5732301311728395, 0.5741886091820988]}