{"val_loss": [0.6748967229584117, 0.6500650497130406, 0.6315401991208395, 0.614374021689097, 0.5971348955307478, 0.5798067016366087, 0.5640036309206927, 0.5486958497836266, 0.5351536215087513, 0.5215836623568594, 0.5088426036599242, 0.49736914737724963, 0.4862870551921703, 0.477053909390061, 0.4681887784857809, 0.46014316582385406, 0.4517633826644332, 0.4459687452993275, 0.4398050124262586, 0.4347084779062389, 0.42942037295412133, 0.42471268957043873, 0.4204249654287173, 0.41689343143392493, 0.4149155613080955, 0.4113069831589122, 0.4099476793665945, 0.4054147439238466, 0.4041092918242937, 0.4022967587282628, 0.4003155827522278, 0.3987979807971436, 0.3968518111440871, 0.39569377678411977, 0.3950185672736462, 0.39415106103744035, 0.39339054256309697, 0.3928988620086952, 0.3914058326203146, 0.3918694761800177, 0.3908032594639578, 0.3917265497607949, 0.3910043923943131, 0.3910995269263232, 0.3900887428978343, 0.38914745678136375, 0.3899359463909526, 0.3888756412046927, 0.38791869047247335, 0.38627697472219114, 0.38752966898458974, 0.3861964429602211, 0.38567646086951834, 0.38496953396149625, 0.38442677406617154, 0.3844663504465127, 0.38431395314357897, 0.3842541288446497, 0.3833939087243728, 0.38449012570910984, 0.3853066960970561, 0.3834479370234925, 0.38368673236281786, 0.38426177074879775, 0.384166486101386, 0.3854937133965669, 0.38585178351696625, 0.38635050735355897, 0.38672719141583384], "val_acc": [0.5, 0.5347222222222222, 0.6396604938271605, 0.7345679012345679, 0.7816358024691358, 0.8032407407407407, 0.8179012345679012, 0.8298611111111112, 0.8360339506172839, 0.8387345679012346, 0.8422067901234568, 0.8445216049382716, 0.8491512345679012, 0.8506944444444444, 0.8564814814814815, 0.8587962962962963, 0.8580246913580247, 0.8564814814814815, 0.8537808641975309, 0.8503086419753086, 0.8479938271604939, 0.8422067901234568, 0.8414351851851852, 0.8425925925925926, 0.839891975308642, 0.8387345679012346, 0.8344907407407407, 0.8352623456790124, 0.8329475308641975, 0.8325617283950617, 0.8317901234567902, 0.8283179012345679, 0.8290895061728395, 0.8279320987654321, 0.8290895061728395, 0.8267746913580247, 0.8263888888888888, 0.8256172839506173, 0.8263888888888888, 0.8248456790123457, 0.8248456790123457, 0.8225308641975309, 0.8236882716049383, 0.8229166666666666, 0.8236882716049383, 0.8256172839506173, 0.8252314814814815, 0.8267746913580247, 0.8287037037037037, 0.8302469135802469, 0.8287037037037037, 0.8302469135802469, 0.8290895061728395, 0.8283179012345679, 0.8306327160493827, 0.8333333333333334, 0.8341049382716049, 0.8348765432098766, 0.8360339506172839, 0.8352623456790124, 0.8383487654320988, 0.8406635802469136, 0.839891975308642, 0.8395061728395061, 0.8406635802469136, 0.8395061728395061, 0.8395061728395061, 0.8414351851851852, 0.8410493827160493], "loss": [0.6902441785061433, 0.6692784167136308, 0.6505294750548072, 0.6333355413818801, 0.616300308433028, 0.5989616237534785, 0.5820076532753897, 0.565221902385446, 0.549015836732715, 0.5328958656891812, 0.5165692944838493, 0.5008253728120048, 0.48545708015193173, 0.4706259147827456, 0.4564634107605175, 0.44228240546344977, 0.42891820272959674, 0.4155539705613513, 0.4027991400755666, 0.3905035248256208, 0.378798841326325, 0.3673916747448621, 0.35644357892926093, 0.345887571780218, 0.3354624205234426, 0.32542350954939553, 0.31563272838837203, 0.30625364816759104, 0.2965647206285302, 0.288072177272198, 0.27934288253639766, 0.27099285105726234, 0.2629693561854462, 0.2549639270801879, 0.24750292448924832, 0.240503056888917, 0.23332780432300987, 0.22683566620136486, 0.22000875549942808, 0.21347969583017223, 0.20752474363249393, 0.2015823085826856, 0.19611512810957651, 0.19045408204611805, 0.18515223918919577, 0.1801281672741436, 0.1749088716302297, 0.17020725146119978, 0.16515168195797336, 0.16032055388549687, 0.1558273362432733, 0.1512281145774012, 0.14670051820863636, 0.14215572723072528, 0.1380866433373066, 0.1343544916060098, 0.13050214421394982, 0.12665562248317364, 0.12303662605664152, 0.11943075367835937, 0.1161197506920377, 0.11285731218249341, 0.10958400546044203, 0.10678105242550373, 0.10411265635012108, 0.10123552647879186, 0.0984319592366156, 0.09605425116491079, 0.09343053934014874], "acc": [0.4986858603395062, 0.5, 0.5, 0.5, 0.500048225308642, 0.5008801118827161, 0.5055097415123457, 0.5241427951388888, 0.5744960455246914, 0.6741837866512346, 0.7972005208333334, 0.8919994212962963, 0.9492549189814815, 0.9729154610339507, 0.9852551118827161, 0.9907527970679012, 0.9932303722993827, 0.9946831597222222, 0.9956717785493827, 0.9960515528549383, 0.9963228202160493, 0.9961540316358025, 0.9964916087962963, 0.9960997781635802, 0.9964735243055556, 0.9959792148919753, 0.9961480034722222, 0.9957742573302469, 0.9957923418209876, 0.995557243441358, 0.9955331307870371, 0.9952317226080247, 0.995141300154321, 0.9949725115740741, 0.9948278356481481, 0.9949122299382716, 0.9949062017746914, 0.994604793595679, 0.9945987654320988, 0.9945023148148148, 0.9944118923611112, 0.9944661458333334, 0.9942853009259259, 0.9943938078703703, 0.9942009066358025, 0.994140625, 0.9942250192901234, 0.9940622588734568, 0.9947313850308642, 0.9948941454475309, 0.9951834972993827, 0.9953944830246914, 0.9958043981481481, 0.9964192708333334, 0.9966483410493827, 0.9967146508487654, 0.9969256365740741, 0.9971305941358025, 0.9972391010802469, 0.9973415798611112, 0.9972873263888888, 0.997510368441358, 0.9977997202932098, 0.9977273823302469, 0.9978841145833334, 0.9978780864197531, 0.9978841145833334, 0.9978961709104939, 0.9980046778549383]}