{"val_loss": [0.6508771828663202, 0.6285836071143915, 0.6087228324678209, 0.5901477013105227, 0.5717325357743251, 0.5541635214546581, 0.5384547062862066, 0.5212591577459265, 0.5071272599844285, 0.49400400673901596, 0.48256441914005044, 0.46972325370635515, 0.4608456039870227, 0.4507957829369439, 0.44199974522178553, 0.4346977303057541, 0.42557524236631983, 0.41891349024242824, 0.4137334205486156, 0.40873491101794773, 0.40332248549402494, 0.3997894518169356, 0.39453389357637475, 0.39117614428202313, 0.3877479643733413, 0.385810500677721, 0.38298880502029703, 0.37972961163815155, 0.3773690782211445, 0.3764978286660748, 0.37357360198173994, 0.3710759697872915, 0.36952827410933414, 0.3685797026127945, 0.36730953131192995, 0.36519805369553743, 0.36513677423382984, 0.36357628563304006, 0.3627185144542176, 0.36341470222414274, 0.36188089111704885, 0.3604444419896161, 0.3599569175714328, 0.3595943804140444, 0.3577877614233229, 0.35658757627746207, 0.3561485505398409, 0.3554591823507238, 0.35253548990061256, 0.35263472905865423, 0.352072999065305, 0.3504373942628319, 0.34868617116669076, 0.3465714285403122, 0.3447612490918901, 0.3444989805604205, 0.3432141700644552, 0.34225761228137547, 0.34156370641272743, 0.3411751926681142, 0.3399966064794564, 0.3399256335364448, 0.34018535525710497, 0.33910960805268936, 0.3383535315961014, 0.33797961399878984, 0.3388461183618616, 0.3382089759832547, 0.33816222496974613, 0.33796284117816405, 0.33790484107570884, 0.3385862722808932, 0.3368982124475785, 0.33687352582260416, 0.33432870146668986, 0.33488314497618027, 0.33437720750585015, 0.33348896841944, 0.3338740136888292, 0.33428408039940727, 0.3350713002828904, 0.3346390668992643, 0.33587092565901483, 0.33503768031979786, 0.33421797112182333, 0.33589831288949945, 0.3344400900381583, 0.3351862986146668], "val_acc": [0.5254629629629629, 0.6435185185185185, 0.7283950617283951, 0.779320987654321, 0.8159722222222222, 0.8314043209876543, 0.8449074074074074, 0.8499228395061729, 0.8533950617283951, 0.8533950617283951, 0.8541666666666666, 0.8518518518518519, 0.8618827160493827, 0.8599537037037037, 0.8576388888888888, 0.8530092592592593, 0.8499228395061729, 0.845679012345679, 0.8383487654320988, 0.8344907407407407, 0.8317901234567902, 0.8302469135802469, 0.8302469135802469, 0.8244598765432098, 0.8233024691358025, 0.8198302469135802, 0.8198302469135802, 0.8206018518518519, 0.8206018518518519, 0.8194444444444444, 0.8206018518518519, 0.8206018518518519, 0.8202160493827161, 0.8217592592592593, 0.8217592592592593, 0.8221450617283951, 0.8221450617283951, 0.8225308641975309, 0.8225308641975309, 0.8213734567901234, 0.8221450617283951, 0.8217592592592593, 0.8213734567901234, 0.8213734567901234, 0.8202160493827161, 0.8206018518518519, 0.8206018518518519, 0.8206018518518519, 0.8229166666666666, 0.8248456790123457, 0.8267746913580247, 0.8298611111111112, 0.8306327160493827, 0.8306327160493827, 0.8314043209876543, 0.8329475308641975, 0.8360339506172839, 0.8356481481481481, 0.8348765432098766, 0.8333333333333334, 0.8344907407407407, 0.8341049382716049, 0.8348765432098766, 0.8375771604938271, 0.8379629629629629, 0.8379629629629629, 0.8379629629629629, 0.8383487654320988, 0.8387345679012346, 0.8395061728395061, 0.8402777777777778, 0.8410493827160493, 0.8429783950617284, 0.8445216049382716, 0.8468364197530864, 0.847608024691358, 0.8506944444444444, 0.8533950617283951, 0.8537808641975309, 0.8541666666666666, 0.8530092592592593, 0.8533950617283951, 0.8537808641975309, 0.8537808641975309, 0.8560956790123457, 0.8545524691358025, 0.8568672839506173, 0.8572530864197531], "loss": [0.6747200762462101, 0.6539720366076555, 0.6358299324127995, 0.6183644665382159, 0.600926779118585, 0.5833399570144621, 0.5664127351900126, 0.5492979287986218, 0.5327876106387487, 0.5171825920841024, 0.501532837541567, 0.48674025344029986, 0.4721433419826222, 0.4578537052773215, 0.4442033821854878, 0.430400718210472, 0.4171963242790949, 0.4045123045827136, 0.392416614809154, 0.38063222921832846, 0.3691785854206961, 0.35835046884546307, 0.3474934648975362, 0.33702746621206586, 0.32722168209974045, 0.3175493926327262, 0.30824042914757205, 0.29948323177472674, 0.29051497556775074, 0.2815768239835714, 0.2735356145630372, 0.2654765212080545, 0.25788783311935853, 0.250295678883745, 0.2431914304026667, 0.2363607859020524, 0.2293013071894278, 0.22318826558896238, 0.21687239885077247, 0.21044014625389268, 0.20465742823679323, 0.1988788863276074, 0.1931529210271015, 0.18756658265965037, 0.18249605485111658, 0.17706687736359458, 0.17194383393076282, 0.16712257589133064, 0.16254905870839678, 0.15779365393919526, 0.15312255055494148, 0.14883351997460847, 0.144781054072312, 0.14005998407065132, 0.13565572649872873, 0.13163899964606965, 0.12759720785600812, 0.12396356620089967, 0.1200008161544202, 0.11641910719041379, 0.1133082676736385, 0.10970034903018838, 0.10669451133049104, 0.10361387494974482, 0.10054790088619439, 0.09770977794894098, 0.09473664675735766, 0.09231407816498828, 0.0897488374274546, 0.08748047651987477, 0.08478097708746331, 0.08238413672388335, 0.07983242822408584, 0.07756841370697927, 0.07523261118151339, 0.0730848753951306, 0.07065817926159519, 0.06873413504038098, 0.0666198398038331, 0.06470496718265852, 0.06276667625844524, 0.06098136111064872, 0.05927341483263184, 0.057683918021481345, 0.05594792586958243, 0.05462573529192373, 0.0531018538541379, 0.05160761703047211], "acc": [0.5, 0.5, 0.5, 0.5000120563271605, 0.5004159432870371, 0.5040388695987654, 0.5180362654320988, 0.5721209490740741, 0.6656479070216049, 0.7888937114197531, 0.8897509162808642, 0.9496768904320988, 0.9729636863425926, 0.9857011959876543, 0.9903669945987654, 0.9930615837191358, 0.9947374131944444, 0.9954668209876543, 0.9962323977623457, 0.9965398341049383, 0.9969678337191358, 0.9971607349537037, 0.9976128472222222, 0.9976188753858025, 0.9977695794753086, 0.9979926215277778, 0.9981734664351852, 0.9982096354166666, 0.9983121141975309, 0.9983904803240741, 0.9985894097222222, 0.9986677758487654, 0.9986376350308642, 0.9985954378858025, 0.9987280574845679, 0.9988184799382716, 0.9989149305555556, 0.9989812403549383, 0.9990113811728395, 0.9991319444444444, 0.9991620852623457, 0.9990354938271605, 0.9992344232253086, 0.9993730709876543, 0.9994454089506173, 0.9994936342592593, 0.9993610146604939, 0.9995418595679012, 0.9995237750771605, 0.9995780285493827, 0.9995900848765432, 0.9996624228395061, 0.9996443383487654, 0.9997166763117284, 0.9997890142746914, 0.9998131269290124, 0.9998191550925926, 0.9997829861111112, 0.9998372395833334, 0.9998673804012346, 0.9999216338734568, 0.9999095775462963, 0.9999035493827161, 0.9998492959104939, 0.9998553240740741, 0.9998794367283951, 0.9999095775462963, 0.9999095775462963, 0.9999156057098766, 0.9999397183641975, 0.9999035493827161, 0.9999216338734568, 0.9999397183641975, 0.9999457465277778, 0.9999457465277778, 0.9999216338734568, 0.9999397183641975, 0.999951774691358, 0.9999638310185185, 0.9999578028549383, 0.9999638310185185, 0.9999397183641975, 0.9999698591820988, 0.9999819155092593, 0.999951774691358, 0.9999698591820988, 0.9999638310185185, 0.999975887345679]}