{"val_loss": [0.7086572499922764, 0.6968139557190883, 0.6980022221435735, 0.6997461054060194, 0.7013345927367975, 0.7023239385934523, 0.7032712970250918, 0.7035621868239509, 0.7040120333801081, 0.7038315048924199, 0.7038298815856745, 0.7038107065506923], "val_acc": [0.4996141975308642, 0.4645061728395062, 0.49614197530864196, 0.5, 0.5003858024691358, 0.5023148148148148, 0.5030864197530864, 0.5023148148148148, 0.501929012345679, 0.498070987654321, 0.4996141975308642, 0.4988425925925926], "loss": [1.6771324006495651, 0.7257941282917688, 0.6852095894699479, 0.6803463651672189, 0.6781120181405618, 0.6767129612235744, 0.6760514735209721, 0.6754728641682937, 0.675041540560347, 0.6748210758108784, 0.6744764866652312, 0.6743641537096765], "acc": [0.5, 0.4998914930555556, 0.5107723283179012, 0.5497022087191358, 0.5698061342592593, 0.5777030285493827, 0.5797405478395061, 0.5806929976851852, 0.5805543499228395, 0.5810546875, 0.5821698977623457, 0.5823567708333334]}