{"val_loss": [0.6603711372540321, 0.6462412498615406, 0.6337454892970897, 0.6237116588486565, 0.6133110464355092, 0.6050173029487516, 0.5971877486617477, 0.590502025168619, 0.583881938163145, 0.5791070196363661, 0.5737352739145727, 0.5689724418852065, 0.5663175229673032, 0.5627911392553353, 0.5589533072930796, 0.5573619861661652, 0.5547998106038129, 0.552535578056618, 0.5511804134757431, 0.550363509743302, 0.5509815510408378, 0.5500963403854842, 0.5505671935316957, 0.5507288508945041, 0.5531478126843771, 0.5531937038456952, 0.5552945762504766, 0.5574855951615322, 0.5583357707953748, 0.560045513841841, 0.5645117995179729, 0.5667096442646451], "val_acc": [0.5401234567901234, 0.6257716049382716, 0.6689814814814815, 0.6998456790123457, 0.7102623456790124, 0.7229938271604939, 0.7268518518518519, 0.7287808641975309, 0.7353395061728395, 0.7361111111111112, 0.7372685185185185, 0.7380401234567902, 0.7434413580246914, 0.7442129629629629, 0.746141975308642, 0.7442129629629629, 0.7488425925925926, 0.7507716049382716, 0.7511574074074074, 0.7557870370370371, 0.7565586419753086, 0.7604166666666666, 0.7615740740740741, 0.7638888888888888, 0.7654320987654321, 0.7685185185185185, 0.7658179012345679, 0.7669753086419753, 0.7665895061728395, 0.7673611111111112, 0.7685185185185185, 0.7685185185185185], "loss": [0.7171897952801284, 0.662869505883183, 0.6475387847533932, 0.6355744459102919, 0.6246488343142433, 0.6142929728246398, 0.6046530549173001, 0.5952740077642195, 0.5859349454166712, 0.5770961261457868, 0.568196729377464, 0.559277046483332, 0.5509687648787175, 0.5423356548503593, 0.5341525433792008, 0.5261418502547859, 0.518320235952643, 0.510569949519395, 0.5030353038836225, 0.49606783546645333, 0.4894224518887055, 0.4823861112473188, 0.4763732499178545, 0.46966716511473977, 0.46392514358884024, 0.45851285353210974, 0.4529514518209998, 0.44762495983346007, 0.44304551733772696, 0.4379783022320933, 0.4335123066112031, 0.4287057727184377], "acc": [0.5, 0.5000361689814815, 0.5039243344907407, 0.5118513695987654, 0.5246431327160493, 0.5395326967592593, 0.5616861979166666, 0.5905430169753086, 0.6284481095679012, 0.6678481867283951, 0.7134452160493827, 0.751000675154321, 0.7753243152006173, 0.7969292534722222, 0.8122890142746914, 0.8212589216820988, 0.8292462384259259, 0.8350513599537037, 0.8401752989969136, 0.8434063946759259, 0.8463360821759259, 0.8498685860339507, 0.8516589506172839, 0.8540883005401234, 0.8560474537037037, 0.8573133680555556, 0.8588565779320988, 0.8603575906635802, 0.8613160686728395, 0.8623830536265432, 0.8635042920524691, 0.8646134741512346]}