{"val_loss": [0.7548160199765805, 0.6992298666341805, 0.6993040714734866, 0.7024460199438496, 0.7053185649860052, 0.7076737284660339, 0.708821231936231, 0.710158454047309, 0.7112883829776152, 0.7117115376908102, 0.7116421637711702, 0.7117998217359002], "val_acc": [0.5, 0.4645061728395062, 0.4957561728395062, 0.503858024691358, 0.5046296296296297, 0.5054012345679012, 0.5061728395061729, 0.5050154320987654, 0.5050154320987654, 0.5042438271604939, 0.5046296296296297, 0.503858024691358], "loss": [2.927065286210474, 0.7894680749073073, 0.6962343742036157, 0.6837993356640693, 0.6793903128278477, 0.6777832872337766, 0.6769708737638997, 0.6766190380547885, 0.6763083551906877, 0.6762392869748083, 0.6760053168752311, 0.6759983840639945], "acc": [0.5, 0.5, 0.5006389853395061, 0.5206946855709876, 0.5547477816358025, 0.5704993730709876, 0.5751591435185185, 0.5763406635802469, 0.5779381269290124, 0.5782877604166666, 0.5779079861111112, 0.5784866898148148]}