{"val_loss": [0.6929725276099311, 0.6903078482474809, 0.686730768945482, 0.6784358274789504, 0.6665039474581494, 0.6531995785089186, 0.6415648504539773, 0.6298002593311263, 0.6197560252966704, 0.6104316225758305, 0.6008112945674379, 0.5925896476816248, 0.5854302688881203, 0.5784768248781745, 0.5721516609191895, 0.5663608621667933, 0.562323174358886, 0.5580243115071897, 0.5546493883486148, 0.551312623936453, 0.5495063154785721, 0.5473637264451863, 0.5457441350560129, 0.5458341064276518, 0.5449154266604671, 0.5439718740957754, 0.5444475044438868, 0.5438968075646294, 0.5454292407742253, 0.5459133320384555, 0.5479959124400292, 0.5472672853940799, 0.5483666054996443, 0.5508104643703978, 0.55109167172585, 0.5532466430722931], "val_acc": [0.5, 0.6215277777777778, 0.7002314814814815, 0.6875, 0.6878858024691358, 0.7025462962962963, 0.7222222222222222, 0.7330246913580247, 0.7399691358024691, 0.7472993827160493, 0.7453703703703703, 0.7422839506172839, 0.7388117283950617, 0.7376543209876543, 0.7337962962962963, 0.7368827160493827, 0.7380401234567902, 0.7364969135802469, 0.7372685185185185, 0.7364969135802469, 0.7376543209876543, 0.7361111111111112, 0.7380401234567902, 0.7372685185185185, 0.7349537037037037, 0.7364969135802469, 0.7345679012345679, 0.7349537037037037, 0.7337962962962963, 0.7372685185185185, 0.7337962962962963, 0.7364969135802469, 0.7368827160493827, 0.7384259259259259, 0.7364969135802469, 0.7364969135802469], "loss": [0.7822148010686591, 0.6927512441474346, 0.690032925295793, 0.6858581412859537, 0.6783948640258591, 0.6686893709601811, 0.6580327094337086, 0.646483487530071, 0.6346461330023077, 0.6223403853766712, 0.6095248131932299, 0.5959566736846794, 0.582011471192042, 0.5676253567001334, 0.5535695938232504, 0.5393004363609685, 0.5254455718706236, 0.5120620093894778, 0.4987470587876476, 0.48602376632208444, 0.4740023747500446, 0.46268982831158756, 0.4517125741544145, 0.44093803586553276, 0.4310300371345179, 0.42124700011616506, 0.41188901048843507, 0.4036419634465818, 0.39493558218955627, 0.3867368934400104, 0.3787616673443053, 0.37109085359829075, 0.36400393457554375, 0.3570739372552913, 0.35017362514073835, 0.34351370946998583], "acc": [0.5, 0.5001989293981481, 0.5010187596450617, 0.500024112654321, 0.5000120563271605, 0.5001145351080247, 0.5012116608796297, 0.5076075424382716, 0.5186149691358025, 0.5374168113425926, 0.5651282793209876, 0.5989884741512346, 0.6393108603395061, 0.6902488425925926, 0.7423623167438271, 0.7932701581790124, 0.8380955825617284, 0.8763201678240741, 0.9026451581790124, 0.9201810860339507, 0.9313874421296297, 0.9380244502314815, 0.9411229263117284, 0.9435281635802469, 0.9446494020061729, 0.9457404996141975, 0.9468436535493827, 0.9469461323302469, 0.9477478780864198, 0.9482783564814815, 0.9485134548611112, 0.9490017361111112, 0.9494176793981481, 0.9492609471450617, 0.9500024112654321, 0.9501832561728395]}