{"val_loss": [0.6465749946641334, 0.6269471321576907, 0.6076520651946833, 0.5899784263269401, 0.5706115953716231, 0.5528219283362965, 0.5365613919717295, 0.5203269057803683, 0.5060545220787143, 0.49094340867466396, 0.47706440679820966, 0.4645444769182323, 0.4529381122118161, 0.4436240299248401, 0.4327948538609493, 0.4244901383364642, 0.4165608467143259, 0.4088555876119637, 0.4020171301600374, 0.3957912152932014, 0.3901701930128498, 0.38427550115703063, 0.37942415843775246, 0.3752179337136539, 0.37048113493271817, 0.3684782621301251, 0.3645542455308231, 0.36290028948842745, 0.3594259560844045, 0.35623869557439547, 0.35368716532801403, 0.35169715535493545, 0.3492628748034253, 0.34866704138708704, 0.34639214291984655, 0.34323434090172805, 0.3440769723168126, 0.3426928225858712, 0.34296026862697837, 0.33868409987585046, 0.33852161485471843, 0.3391855344360257, 0.33796042222299694, 0.3364037540223863, 0.3356659232098379, 0.3354360043634603, 0.332991212790395, 0.33360419965084687, 0.33227315655461065, 0.3335520062181685, 0.3325023147059076, 0.3316919240686629, 0.33081294338644285, 0.3307248802832615, 0.32939189194161217, 0.33021841409765645, 0.32857890279940616, 0.33015586693345766, 0.32898556965368764, 0.329085056796486, 0.3293270426399914, 0.3280666477886247, 0.32790495731212477, 0.32723959746920034, 0.32832279599007264, 0.3276046632248678, 0.3287106954757078, 0.32842874306219594, 0.3273777453987687, 0.3270660898199788, 0.3283468911677231, 0.3275619903464376, 0.32628487584031657, 0.32613985001305, 0.3270076631027975, 0.32720187104042664, 0.32685185104240605, 0.3260219424595068, 0.32705582549542556, 0.3265259501374798, 0.3268929661056142, 0.32665583380946406, 0.3282874633132676, 0.32714829308751187, 0.3271766945167824, 0.32831234291747763, 0.327798107707942, 0.3283865569550314], "val_acc": [0.5385802469135802, 0.6531635802469136, 0.7272376543209876, 0.7762345679012346, 0.7997685185185185, 0.8248456790123457, 0.845679012345679, 0.8576388888888888, 0.8638117283950617, 0.8680555555555556, 0.8707561728395061, 0.8753858024691358, 0.876929012345679, 0.8811728395061729, 0.8842592592592593, 0.8827160493827161, 0.8823302469135802, 0.8834876543209876, 0.8827160493827161, 0.8831018518518519, 0.8819444444444444, 0.8807870370370371, 0.8819444444444444, 0.8780864197530864, 0.8761574074074074, 0.8746141975308642, 0.8738425925925926, 0.8715277777777778, 0.8703703703703703, 0.8695987654320988, 0.8665123456790124, 0.8665123456790124, 0.8657407407407407, 0.8634259259259259, 0.8638117283950617, 0.8653549382716049, 0.8657407407407407, 0.8641975308641975, 0.8587962962962963, 0.8638117283950617, 0.8607253086419753, 0.8553240740740741, 0.8549382716049383, 0.8553240740740741, 0.8541666666666666, 0.8533950617283951, 0.8557098765432098, 0.8526234567901234, 0.8537808641975309, 0.8518518518518519, 0.8522376543209876, 0.8526234567901234, 0.8545524691358025, 0.8564814814814815, 0.8576388888888888, 0.8560956790123457, 0.8580246913580247, 0.8584104938271605, 0.8603395061728395, 0.8580246913580247, 0.8584104938271605, 0.8599537037037037, 0.8599537037037037, 0.8614969135802469, 0.8611111111111112, 0.8607253086419753, 0.8599537037037037, 0.8599537037037037, 0.8607253086419753, 0.8603395061728395, 0.8599537037037037, 0.8599537037037037, 0.8618827160493827, 0.8622685185185185, 0.8622685185185185, 0.8614969135802469, 0.8622685185185185, 0.8630401234567902, 0.8622685185185185, 0.8641975308641975, 0.8641975308641975, 0.8634259259259259, 0.8638117283950617, 0.8641975308641975, 0.8634259259259259, 0.8626543209876543, 0.8630401234567902, 0.8630401234567902], "loss": [0.6731303867504552, 0.6522319462656239, 0.6345234558584145, 0.617368111271917, 0.6001443019435729, 0.5830788866007401, 0.5659015395759065, 0.5489416618796962, 0.5326039949546993, 0.5163901995775508, 0.5001864622887454, 0.4844419669566883, 0.469532331129835, 0.4547573845764553, 0.4403132076524658, 0.42650603216693356, 0.4126379290066751, 0.3996348382077283, 0.3867253295180422, 0.37451374038685986, 0.3624359039060863, 0.35063155579530164, 0.33936541260760505, 0.3285713796216397, 0.31801586722334224, 0.30790378958170794, 0.29797373341833366, 0.28871982710229027, 0.27952440879250195, 0.2706256416384821, 0.261755930731234, 0.2534747131019371, 0.24573943363847556, 0.2378487517815773, 0.23031216743114738, 0.22345267605887334, 0.2162899941171485, 0.20965977552933274, 0.20294557877436833, 0.19679150731521255, 0.19053603357485968, 0.18475098179561306, 0.17927216478611951, 0.17368897795677185, 0.16832112498512422, 0.16321020007110487, 0.15851442157980744, 0.1534312350652468, 0.14895008986148936, 0.14437349110174877, 0.13996352749462757, 0.13597288496079452, 0.1319075074179075, 0.128052957996979, 0.12419843113475283, 0.12046150070971545, 0.11679177399276307, 0.11352807096562084, 0.11008307561680766, 0.10679406375210318, 0.10344110087514567, 0.10048001785877586, 0.09758430903053118, 0.09455322627162124, 0.09180313408846197, 0.08912476218006585, 0.08640645686853217, 0.08397810466668028, 0.08158943937217564, 0.07924004195884651, 0.07691823612082244, 0.07466307538705245, 0.07275061701269199, 0.0705005019776707, 0.0684583838827862, 0.06672764762684151, 0.06456969981944119, 0.06286005365495559, 0.061100663832837236, 0.05958384754463892, 0.05776903626687227, 0.056143423707661344, 0.05456599954481202, 0.05305898462617655, 0.05179954787722019, 0.05026240790274316, 0.048901724755580044, 0.0477147366532504], "acc": [0.5, 0.5, 0.5, 0.500024112654321, 0.5008499710648148, 0.5055278260030864, 0.5234375, 0.5718195408950617, 0.6611930941358025, 0.7830222800925926, 0.8839156539351852, 0.9441972897376543, 0.9719147858796297, 0.9838023244598766, 0.9898063753858025, 0.9925371334876543, 0.9941948784722222, 0.9951593846450617, 0.9961600597993827, 0.99658203125, 0.9970160590277778, 0.9974018614969136, 0.9977936921296297, 0.9981855227623457, 0.9983603395061729, 0.9984989872685185, 0.9986677758487654, 0.9988305362654321, 0.9990837191358025, 0.9990294656635802, 0.9991922260802469, 0.9993188175154321, 0.9994212962962963, 0.9994815779320988, 0.9994454089506173, 0.9995840567129629, 0.9996322820216049, 0.9996383101851852, 0.9997166763117284, 0.9997287326388888, 0.9997890142746914, 0.9997588734567902, 0.9997769579475309, 0.9997769579475309, 0.9998191550925926, 0.9998492959104939, 0.9998673804012346, 0.9998372395833334, 0.9998432677469136, 0.9998492959104939, 0.9998492959104939, 0.9999216338734568, 0.9998613522376543, 0.9998854648919753, 0.9998854648919753, 0.9998975212191358, 0.9999216338734568, 0.9999457465277778, 0.9999156057098766, 0.9999156057098766, 0.9999156057098766, 0.9999095775462963, 0.9999578028549383, 0.9999216338734568, 0.9999276620370371, 0.9999095775462963, 0.9999397183641975, 0.9999216338734568, 0.9999216338734568, 0.9999698591820988, 0.9999397183641975, 0.9999578028549383, 0.9999819155092593, 0.9999638310185185, 0.9999457465277778, 0.9999879436728395, 0.9999638310185185, 0.9999578028549383, 0.9999578028549383, 0.9999698591820988, 0.9999336902006173, 0.999975887345679, 0.9999578028549383, 0.999975887345679, 0.999951774691358, 0.999975887345679, 0.9999698591820988, 0.9999879436728395]}