{"val_loss": [0.6977253328134985, 0.6956641129505488, 0.696966290473938, 0.698232740531733, 0.6995230383343167, 0.7009576154343876, 0.7018866377112306, 0.7026907529359983, 0.703067308590736, 0.7039208044240504, 0.7041990595099367, 0.7046502902184004], "val_acc": [0.48572530864197533, 0.4984567901234568, 0.501929012345679, 0.5027006172839507, 0.5023148148148148, 0.4976851851851852, 0.49537037037037035, 0.4976851851851852, 0.4988425925925926, 0.49459876543209874, 0.4972993827160494, 0.498070987654321], "loss": [1.017465829435322, 0.6991200301060339, 0.6834924549186303, 0.6798638474932055, 0.6781599736646001, 0.6773266237183118, 0.6767077276506174, 0.6764031846398189, 0.6761742642632237, 0.6760823280539041, 0.6759661180599604, 0.6758849944597409], "acc": [0.5, 0.5000120563271605, 0.5128219039351852, 0.5558991608796297, 0.570360725308642, 0.5729046103395061, 0.5746286651234568, 0.5754484953703703, 0.5761899594907407, 0.5762864101080247, 0.5762442129629629, 0.5770700713734568]}