{"val_loss": [0.7141868744367434, 0.6869036238870503, 0.6725402430251792, 0.6545125275482366, 0.6408444017539789, 0.631056120366226, 0.621786853413523, 0.6124606794781156, 0.6045078451250806, 0.5969854490256604, 0.5906298189987371, 0.5844913662215809, 0.5794827040330863, 0.5749234019974132, 0.5702227530656038, 0.5658872598483239, 0.563123087088267, 0.5598565656461834, 0.557357977937769, 0.5559269145683006, 0.5561468167069518, 0.5559168075337823, 0.555947643003346, 0.5561456503691496, 0.5568638959048707, 0.557493077384101, 0.5601560009850396, 0.5609332845534807, 0.5644719615394687, 0.5685677307623404], "val_acc": [0.5, 0.6774691358024691, 0.6959876543209876, 0.6847993827160493, 0.6902006172839507, 0.7102623456790124, 0.7114197530864198, 0.7179783950617284, 0.7283950617283951, 0.7287808641975309, 0.7268518518518519, 0.7256944444444444, 0.7283950617283951, 0.7299382716049383, 0.7310956790123457, 0.7299382716049383, 0.7299382716049383, 0.7310956790123457, 0.7364969135802469, 0.7364969135802469, 0.7361111111111112, 0.7326388888888888, 0.7326388888888888, 0.7326388888888888, 0.7345679012345679, 0.7357253086419753, 0.7341820987654321, 0.7341820987654321, 0.7314814814814815, 0.7330246913580247], "loss": [1.0080690256285447, 0.706360155141648, 0.684244107225059, 0.6701149326507692, 0.6566736989045217, 0.6448471767160996, 0.6328157284009603, 0.6210326414417338, 0.6084532318291841, 0.5956386950694852, 0.582282801112735, 0.568783322820601, 0.5553388375398002, 0.5416045738729062, 0.5284587977523053, 0.5153976871781512, 0.5025779476366293, 0.4904822004430088, 0.47838202332732854, 0.46647516549507406, 0.45533285185372757, 0.4450798050075034, 0.43487733881920576, 0.4250701799482843, 0.41521601885971093, 0.40611411411499165, 0.39730488680257103, 0.3892034567133696, 0.38191519813313163, 0.3737011024337492], "acc": [0.5, 0.5, 0.5010489004629629, 0.5020616319444444, 0.5120744116512346, 0.5282118055555556, 0.5477671682098766, 0.5699086130401234, 0.5938585069444444, 0.6240957754629629, 0.6559003665123457, 0.69140625, 0.7286904417438271, 0.7693142361111112, 0.8089433834876543, 0.8435390142746914, 0.8719618055555556, 0.8956283757716049, 0.9110604745370371, 0.9221342110339507, 0.9295066550925926, 0.9347330729166666, 0.9381932388117284, 0.9413218557098766, 0.9429796006944444, 0.9452160493827161, 0.9464397665895061, 0.9474524980709876, 0.9482843846450617, 0.9490439332561729]}