{"val_loss": [0.7710658216182097, 0.6873212706895522, 0.6685594908985091, 0.647336584550363, 0.6339313888255461, 0.6236569322185752, 0.614479293057948, 0.6073012462368718, 0.5997980354744711, 0.5936679118945275, 0.5873474412494235, 0.5815046370765309, 0.576763324531508, 0.5718129211001926, 0.568183563373707, 0.5638869574040543, 0.5607563684016098, 0.5589054690466987, 0.5565265277285635, 0.5553027008786614, 0.5521668548937197, 0.5524397161271837, 0.551687980139697, 0.5501880623676159, 0.5493225183015988, 0.5491077340679404, 0.5476759392538189, 0.5468217524481408, 0.5464853357385706, 0.5474285983744963, 0.5490524415616636, 0.5474003060364429, 0.5492207069455841, 0.5488613336174576, 0.5501221028375037, 0.5518034674503185, 0.5525629807401586, 0.5561067866690365, 0.5582486501446476], "val_acc": [0.5, 0.53125, 0.6971450617283951, 0.7129629629629629, 0.7175925925925926, 0.7202932098765432, 0.7272376543209876, 0.7260802469135802, 0.7256944444444444, 0.7287808641975309, 0.7283950617283951, 0.7291666666666666, 0.7299382716049383, 0.7307098765432098, 0.7299382716049383, 0.7310956790123457, 0.7283950617283951, 0.7287808641975309, 0.7272376543209876, 0.7322530864197531, 0.7295524691358025, 0.7299382716049383, 0.7291666666666666, 0.7299382716049383, 0.7314814814814815, 0.7318672839506173, 0.7349537037037037, 0.7353395061728395, 0.7330246913580247, 0.7337962962962963, 0.7322530864197531, 0.7341820987654321, 0.7349537037037037, 0.7349537037037037, 0.7341820987654321, 0.7330246913580247, 0.7334104938271605, 0.7330246913580247, 0.7295524691358025], "loss": [1.3303027659608626, 0.7509167900561918, 0.684969049246039, 0.664452625921479, 0.6487096826557393, 0.6357391187346276, 0.6235921423376343, 0.6121512138181262, 0.6002148005329533, 0.5879306711348486, 0.576058252496116, 0.5634897789101542, 0.5509486568424805, 0.538463755959162, 0.5254930930189144, 0.5134340140416667, 0.5017693131863151, 0.4898801135290184, 0.4788847276940942, 0.46811994443429106, 0.45754600449660676, 0.44784066217870994, 0.43804011270863774, 0.4289610904331009, 0.42004902932195015, 0.41092716799014145, 0.4024236391953848, 0.3938394214750992, 0.38627633077586876, 0.37771745956284397, 0.36971772029811956, 0.3620966545731565, 0.3541271181455181, 0.3461708421416489, 0.3385175637509904, 0.3314287213746596, 0.324173102925681, 0.31742373764813864, 0.3106660212873033], "acc": [0.5, 0.5, 0.5020254629629629, 0.5196397569444444, 0.5426914544753086, 0.5646279417438271, 0.5843340084876543, 0.6031539351851852, 0.626416618441358, 0.6520724826388888, 0.6787229938271605, 0.7048611111111112, 0.7350682388117284, 0.7669753086419753, 0.8013780381944444, 0.8330017843364198, 0.8604058159722222, 0.8822036554783951, 0.8998480902777778, 0.9112232349537037, 0.9199761284722222, 0.9253713348765432, 0.9294282889660493, 0.9322434413580247, 0.9341724537037037, 0.9361376350308642, 0.9375602816358025, 0.9391517168209876, 0.9409963348765432, 0.9434256847993827, 0.9453426408179012, 0.947705680941358, 0.9498034818672839, 0.9515998746141975, 0.9541196469907407, 0.9562656732253086, 0.9578631365740741, 0.9593460648148148, 0.9612931616512346]}