{"val_loss": [0.6949883581679545, 0.6941806651927807, 0.6942014385152746, 0.694360559369311, 0.6946583301932724, 0.6951551282847369, 0.6958317212116572, 0.6966579401934588, 0.6977876513092606, 0.6987932096292944, 0.7000361077579451, 0.7009915348924236], "val_acc": [0.4722222222222222, 0.5007716049382716, 0.4996141975308642, 0.5027006172839507, 0.5023148148148148, 0.5003858024691358, 0.4984567901234568, 0.49228395061728397, 0.48996913580246915, 0.49189814814814814, 0.4876543209876543, 0.4895833333333333], "loss": [0.7079394765106248, 0.6929293058720636, 0.6924760813284435, 0.6920031617958973, 0.6913940672429255, 0.6906207351496926, 0.6894381215312967, 0.6878120745129791, 0.685829334926826, 0.6838014250230274, 0.6820084629925313, 0.6806407864722941], "acc": [0.5, 0.4991138599537037, 0.49908371913580246, 0.49983121141975306, 0.4999578028549383, 0.5000120563271605, 0.5001868730709876, 0.5078305844907407, 0.5315031828703703, 0.5500940393518519, 0.5611255787037037, 0.5636031539351852]}