{"val_loss": [0.6744833353125019, 0.6289995930812977, 0.6101543726744475, 0.5971802693826181, 0.5831976849355816, 0.5683523365008978, 0.5583535756593869, 0.5465716005843363, 0.5389614134659002, 0.5295961690537724, 0.5197765385663068, 0.511627949314353, 0.5040760007169511, 0.49532280255247046, 0.4887879262735814, 0.4843268162674374, 0.4757945107089149, 0.4712036899578424, 0.4638357670218856, 0.4546164800355464, 0.449314566306126, 0.44422567994506273, 0.43725393142229246, 0.4308976343384496, 0.42276745004418453, 0.4178563897256498, 0.41260171746030266, 0.407055256911266, 0.40203259388605755, 0.39356920564616166, 0.3884808939916116, 0.3830138577355279, 0.3779726572978644, 0.3729377028382855, 0.3709360228644477, 0.3657281590096744, 0.36192459603886545, 0.35920415358778873, 0.35692921538411837, 0.3564384204370004, 0.35221287497767695, 0.3507924830472028, 0.34860926277843524, 0.3457016028739788, 0.343901010207188, 0.34109013132107113, 0.34176754473168175, 0.3402360710832808, 0.3379126481803847, 0.336700905252386, 0.33636564089928145, 0.3356583799109047, 0.33291012085514304, 0.3328263181963085, 0.33140098533512635, 0.33051773795375117, 0.3295878565605776, 0.3292780570041986, 0.328141787537822, 0.3281564451294181, 0.32667158709632027, 0.3268955570680124, 0.32585149893054255, 0.3259632282051039, 0.32399329101597824, 0.3226449456479814, 0.32322920656498566, 0.3225210699034326, 0.3212069195729715, 0.31980120289472885, 0.3189464373353087, 0.3188921868065257, 0.3196179112534464, 0.32008350557751125, 0.32049928623952983, 0.3179196689599826, 0.31654715022923036, 0.31744604566950857, 0.31760042905807495, 0.31738791752744605, 0.31722586942307746, 0.31761143752086307, 0.3182533155252904, 0.3179359998967912, 0.31555514092798587, 0.3163689496340575, 0.31766871942414177, 0.31680038939287636, 0.31667282110379064, 0.3177595815540832, 0.31712645917762944, 0.31660888923539054, 0.31638624233964047, 0.3173753059940574, 0.31731392866299474], "val_acc": [0.5007716049382716, 0.6234567901234568, 0.7376543209876543, 0.7800925925925926, 0.7978395061728395, 0.8125, 0.8229166666666666, 0.8279320987654321, 0.8325617283950617, 0.8341049382716049, 0.8368055555555556, 0.8391203703703703, 0.8371913580246914, 0.8379629629629629, 0.8406635802469136, 0.8341049382716049, 0.8383487654320988, 0.8333333333333334, 0.8290895061728395, 0.8341049382716049, 0.8364197530864198, 0.8344907407407407, 0.8360339506172839, 0.8391203703703703, 0.8425925925925926, 0.8433641975308642, 0.8441358024691358, 0.8425925925925926, 0.8445216049382716, 0.8479938271604939, 0.8499228395061729, 0.8522376543209876, 0.8557098765432098, 0.8560956790123457, 0.8526234567901234, 0.8560956790123457, 0.8564814814814815, 0.8572530864197531, 0.8587962962962963, 0.8576388888888888, 0.8607253086419753, 0.8626543209876543, 0.8645833333333334, 0.8661265432098766, 0.8668981481481481, 0.8653549382716049, 0.8661265432098766, 0.8661265432098766, 0.8672839506172839, 0.8672839506172839, 0.8668981481481481, 0.8668981481481481, 0.8688271604938271, 0.8680555555555556, 0.8695987654320988, 0.8699845679012346, 0.8676697530864198, 0.8676697530864198, 0.8676697530864198, 0.8692129629629629, 0.8699845679012346, 0.871141975308642, 0.8719135802469136, 0.8719135802469136, 0.8738425925925926, 0.8761574074074074, 0.8765432098765432, 0.875, 0.8765432098765432, 0.8777006172839507, 0.8777006172839507, 0.8780864197530864, 0.8765432098765432, 0.8761574074074074, 0.8761574074074074, 0.8777006172839507, 0.8784722222222222, 0.878858024691358, 0.8784722222222222, 0.8784722222222222, 0.8773148148148148, 0.8777006172839507, 0.8777006172839507, 0.8773148148148148, 0.8780864197530864, 0.8784722222222222, 0.8757716049382716, 0.8780864197530864, 0.8777006172839507, 0.8753858024691358, 0.8757716049382716, 0.8757716049382716, 0.876929012345679, 0.875, 0.8753858024691358], "loss": [1.3253836978088926, 0.6824763050923744, 0.6387838414743726, 0.6191122311592838, 0.6039227930438004, 0.5906214592633424, 0.5779586412863414, 0.5664151433372387, 0.5553308522190761, 0.5444377728243485, 0.5342613957638358, 0.5242240451575245, 0.5140084903227327, 0.5039005720367035, 0.49435392338322637, 0.48496905979872856, 0.47573263691393314, 0.4666824103390545, 0.4578841867983157, 0.4478584497500165, 0.43858524770648394, 0.4287904225818721, 0.41925470365418327, 0.409024052977286, 0.3981305375511264, 0.3870934132072661, 0.37591224321290667, 0.36507223884540574, 0.35400020477166516, 0.34263113606721163, 0.331582569712658, 0.32085764479397993, 0.31059426649899025, 0.30053447329519706, 0.29106347600320054, 0.2823497520322785, 0.27375121295084187, 0.2651876632158679, 0.25720249355575187, 0.24932624087496488, 0.24155023978034287, 0.23487079535599475, 0.2281636239638851, 0.22125119745248445, 0.2147000861055229, 0.2082917841300828, 0.2021088750952464, 0.19648590684511963, 0.19063418453421305, 0.18495244280446643, 0.1796600623688672, 0.17456461915194435, 0.16947522797955222, 0.1648324649941958, 0.1598440274383505, 0.15536729018146425, 0.15075668957900762, 0.1465740041077183, 0.1424329138567878, 0.1384005346852872, 0.1344648172509753, 0.1308616536129036, 0.12709207204745415, 0.1234508156431494, 0.11984771437494567, 0.11657480779103935, 0.11352878642544427, 0.11017261920956734, 0.10705005440481559, 0.10425211895360714, 0.1014938682122271, 0.09851257841068285, 0.09582811750667054, 0.09313634885934952, 0.09064126699404032, 0.08814973632207164, 0.08588039610293452, 0.08332767269436132, 0.08111833174494498, 0.07880242262610498, 0.07694978217082674, 0.0747843803981618, 0.07272139392839169, 0.07075856965650333, 0.06889296056168084, 0.06719906363538523, 0.0649972170430385, 0.06354875338010858, 0.06177248044318899, 0.06001755022328853, 0.058709112218765104, 0.05709981065341214, 0.05563636926393726, 0.05415720169081778, 0.052633613195661226], "acc": [0.5, 0.5006389853395061, 0.5386887538580247, 0.5894820601851852, 0.6108097029320988, 0.6247588734567902, 0.6419451678240741, 0.661181037808642, 0.6818938078703703, 0.7069227430555556, 0.7307942708333334, 0.7562873746141975, 0.7795560860339507, 0.8027404031635802, 0.8222535686728395, 0.8413507908950617, 0.8581090856481481, 0.8727635513117284, 0.8847354841820988, 0.9000349633487654, 0.9101622781635802, 0.9216519579475309, 0.9330271026234568, 0.9431303047839507, 0.9529501832561729, 0.9612991898148148, 0.968285831404321, 0.9734037422839507, 0.9769302179783951, 0.9808907214506173, 0.9829764660493827, 0.9845437885802469, 0.9861713927469136, 0.9872986593364198, 0.9880039544753086, 0.98876953125, 0.9894989390432098, 0.9901801215277778, 0.9910783179012346, 0.9914279513888888, 0.9918619791666666, 0.9923502604166666, 0.9928445698302469, 0.9934051890432098, 0.9936945408950617, 0.9938090760030864, 0.9942491319444444, 0.9947675540123457, 0.9950569058641975, 0.9952317226080247, 0.9953040605709876, 0.9956114969135802, 0.9957079475308642, 0.9961660879629629, 0.9963951581790124, 0.996606143904321, 0.9966483410493827, 0.9970100308641975, 0.9970703125, 0.9971125096450617, 0.9974380304783951, 0.9972330729166666, 0.9974259741512346, 0.9976851851851852, 0.9980589313271605, 0.9982216917438271, 0.9981734664351852, 0.9981011284722222, 0.9983301986882716, 0.9984507619598766, 0.9983784239969136, 0.9985954378858025, 0.9986014660493827, 0.9986798321759259, 0.9988365644290124, 0.9986918885030864, 0.9989028742283951, 0.9988124517746914, 0.9989691840277778, 0.9990234375, 0.998975212191358, 0.9990234375, 0.9992826485339507, 0.9992404513888888, 0.9991440007716049, 0.9991198881172839, 0.9992886766975309, 0.9993549864969136, 0.9994454089506173, 0.9995237750771605, 0.9993369020061729, 0.9994514371141975, 0.9994333526234568, 0.9994695216049383, 0.999535831404321]}