{"val_loss": [0.7255412560922129, 0.6861960269786693, 0.6633650388246701, 0.6532508429185844, 0.642707312548602, 0.6362705068823732, 0.6322558426562651, 0.6286604625207407, 0.6248895437629135, 0.6217402006372993, 0.6180085238115287, 0.6169359330777768, 0.6154209242926704, 0.6127637565871815, 0.6108800967534384, 0.6054555442598131, 0.6054956861484198, 0.602905500818182, 0.6045000597282693, 0.6013610245269022, 0.6014114633018588, 0.5979869130216999, 0.5960747128651466, 0.5967121698238231, 0.595977388046406, 0.5935059829994485, 0.5936298377719926, 0.5961316176402716, 0.5926854823842461, 0.5894068450103571, 0.5952734520405899, 0.5938785201237525, 0.5977372004662032, 0.5940692468925759, 0.5892349981967314, 0.5883718876191127, 0.584918983924536, 0.5888270242714587, 0.5829648434379955, 0.5896390661781217, 0.589381867720757, 0.579107732684524, 0.5851199200123917, 0.5875428635397075, 0.5825570497983767, 0.5821701876911116, 0.5872155030568441, 0.5835350810745616, 0.5824029578102959, 0.5877573747693756, 0.579944520820806, 0.579086012310452], "val_acc": [0.5, 0.535108024691358, 0.6666666666666666, 0.6624228395061729, 0.6851851851851852, 0.6898148148148148, 0.683641975308642, 0.6809413580246914, 0.6859567901234568, 0.6847993827160493, 0.6878858024691358, 0.6882716049382716, 0.6844135802469136, 0.6809413580246914, 0.6801697530864198, 0.6902006172839507, 0.6890432098765432, 0.6936728395061729, 0.6832561728395061, 0.6875, 0.6797839506172839, 0.6917438271604939, 0.6898148148148148, 0.6929012345679012, 0.6844135802469136, 0.6940586419753086, 0.689429012345679, 0.6809413580246914, 0.6863425925925926, 0.6952160493827161, 0.6743827160493827, 0.6755401234567902, 0.6709104938271605, 0.6805555555555556, 0.6793981481481481, 0.6840277777777778, 0.6890432098765432, 0.6770833333333334, 0.6940586419753086, 0.6766975308641975, 0.6759259259259259, 0.6944444444444444, 0.6813271604938271, 0.6747685185185185, 0.685570987654321, 0.6847993827160493, 0.6755401234567902, 0.6782407407407407, 0.6832561728395061, 0.6674382716049383, 0.6886574074074074, 0.6863425925925926], "loss": [2.5095199919133275, 0.7696871992292595, 0.682778687664756, 0.6630465679422572, 0.6524601435679712, 0.6446108050920345, 0.6385667432375528, 0.6339042313672878, 0.6294786349444845, 0.6255417218270861, 0.6220007477627124, 0.6184482525022309, 0.615484035861345, 0.6123170633972795, 0.609263366824131, 0.6065696411892588, 0.6039120701176149, 0.6011755790699411, 0.5984524021408072, 0.596220393538659, 0.5938928987784886, 0.5915263057054009, 0.5899169611411146, 0.5873437729652649, 0.5860052694463067, 0.5835897745449602, 0.5816456572394129, 0.5795816715093859, 0.5779113128298411, 0.5766580370312304, 0.5744978966260398, 0.5731970819265202, 0.5712188747539012, 0.5695937203450335, 0.5679723686182204, 0.5658328485571675, 0.5641309248720422, 0.5623097357650598, 0.5605262200589534, 0.5589574060437305, 0.5576682487433707, 0.5561518922425163, 0.5547690521465776, 0.5527417970890248, 0.5511559484480524, 0.5504356468970208, 0.5487316006242677, 0.5471748727385277, 0.5460882914700994, 0.544813576326878, 0.5429966976337227, 0.5423763051606071], "acc": [0.5, 0.5, 0.503882137345679, 0.5587806230709876, 0.6289183063271605, 0.6613799672067902, 0.6764865451388888, 0.6839132426697531, 0.6911590952932098, 0.6961564429012346, 0.7012502411265432, 0.7058376736111112, 0.7092255015432098, 0.7117754147376543, 0.7155430169753086, 0.7167426215277778, 0.7202269000771605, 0.7219810956790124, 0.7247902199074074, 0.7262128665123457, 0.7281298225308642, 0.7301492573302469, 0.7296609760802469, 0.7304265528549383, 0.7322952835648148, 0.7336455922067902, 0.7356650270061729, 0.7362618152006173, 0.7365933641975309, 0.73681640625, 0.7385103202160493, 0.7381968557098766, 0.7393663194444444, 0.7413616415895061, 0.7421211902006173, 0.7425913869598766, 0.7435679494598766, 0.7442129629629629, 0.7472873263888888, 0.746606143904321, 0.7471547067901234, 0.7466001157407407, 0.7466905381944444, 0.7501446759259259, 0.7504762249228395, 0.7496141975308642, 0.7509645061728395, 0.7513382523148148, 0.7512418016975309, 0.7525258005401234, 0.7539906442901234, 0.7540087287808642]}