{"val_loss": [0.731388932392921, 0.6914338476863908, 0.6898603924998531, 0.6845700299298322, 0.6780220358460037, 0.6727583952891973, 0.6683922196611946, 0.6640479682404318, 0.659758358825872, 0.6564747036239247, 0.6534922741077565, 0.6505016441698428, 0.6476519166687389, 0.6454958268153814, 0.6430841625472645, 0.6406737139195572, 0.6384377950503503, 0.6368903495647289, 0.6358078453275893, 0.6337154735753565, 0.63277248835858, 0.6311708916852503, 0.6308779245541419, 0.6302494575947891, 0.6303844584359063, 0.6286805036627217, 0.6284247857552988, 0.6282615970682215, 0.6288026998072495, 0.6286999914381239, 0.6297501450703468, 0.6290730436642965, 0.6300424749468579, 0.6296331198127182, 0.6322240667578615, 0.6310564478238424, 0.6330836952468495, 0.6339170505971085], "val_acc": [0.5, 0.5432098765432098, 0.5358796296296297, 0.5852623456790124, 0.6010802469135802, 0.6080246913580247, 0.625, 0.6342592592592593, 0.6462191358024691, 0.6462191358024691, 0.6466049382716049, 0.6485339506172839, 0.6527777777777778, 0.6520061728395061, 0.6439043209876543, 0.6446759259259259, 0.6462191358024691, 0.6431327160493827, 0.6439043209876543, 0.6493055555555556, 0.6496913580246914, 0.6493055555555556, 0.6450617283950617, 0.6423611111111112, 0.6431327160493827, 0.6419753086419753, 0.6423611111111112, 0.6385030864197531, 0.6377314814814815, 0.6385030864197531, 0.6361882716049383, 0.6307870370370371, 0.6323302469135802, 0.6338734567901234, 0.6284722222222222, 0.6292438271604939, 0.6304012345679012, 0.6311728395061729], "loss": [1.0986078530550003, 0.7176961793943688, 0.691020403172315, 0.6873788052686939, 0.6822471542536844, 0.6769287297387182, 0.6717018152552622, 0.6667234765618671, 0.6616826253356757, 0.6568779974577972, 0.652203955055203, 0.6473161561851516, 0.6425360313122287, 0.6378528611895479, 0.632967974530694, 0.6281724887681596, 0.6233470349538105, 0.6186972320263768, 0.6135858170182249, 0.6088417869429161, 0.6038188748291613, 0.599410228661181, 0.5950040595123062, 0.5904147546094509, 0.5858706797438639, 0.580998767029356, 0.5767085762510513, 0.5726969884248612, 0.5680050952360034, 0.5637095398901973, 0.5598499157270531, 0.5561501602354793, 0.5519612419338505, 0.5483205976240613, 0.5446761537481237, 0.5412172565788582, 0.5374814613296846, 0.5333928776743971], "acc": [0.5, 0.5, 0.5087106963734568, 0.5263611593364198, 0.5285433545524691, 0.5448013117283951, 0.5701316550925926, 0.5958960262345679, 0.6179591049382716, 0.6356397087191358, 0.6520785108024691, 0.6661844135802469, 0.6796694155092593, 0.6891999421296297, 0.6993393132716049, 0.7078751929012346, 0.7146146797839507, 0.7221800250771605, 0.7276234567901234, 0.7354239004629629, 0.7404152199074074, 0.7445625964506173, 0.7496262538580247, 0.75390625, 0.7603262442129629, 0.7640395929783951, 0.7662639853395061, 0.7701400945216049, 0.7746250482253086, 0.7768192997685185, 0.7809727044753086, 0.7819492669753086, 0.7861689814814815, 0.7885561342592593, 0.7898763020833334, 0.793481143904321, 0.7957899305555556, 0.7987979841820988]}