{"val_loss": [0.6952300042281916, 0.6945209149961118, 0.694792592966998, 0.6951535778281129, 0.6960147045276783, 0.6969990215183776, 0.69776623852459, 0.6985156484592108, 0.699141044675568, 0.6997568901674247, 0.7001780587949871, 0.7006646357936623], "val_acc": [0.4444444444444444, 0.5027006172839507, 0.5015432098765432, 0.5042438271604939, 0.5046296296296297, 0.5027006172839507, 0.5046296296296297, 0.5046296296296297, 0.503858024691358, 0.5061728395061729, 0.5073302469135802, 0.5065586419753086], "loss": [0.8500269791916196, 0.6933384674980685, 0.6841018601884077, 0.6808165428861056, 0.6787281478812666, 0.6775348545914447, 0.6767528235774349, 0.6761609276319728, 0.6758215507423436, 0.6754623251380744, 0.6753140067290745, 0.6750383811692396], "acc": [0.5, 0.4998975212191358, 0.5220751350308642, 0.5584490740740741, 0.5705114293981481, 0.5744839891975309, 0.576684268904321, 0.578173225308642, 0.5796862943672839, 0.5798249421296297, 0.5801625192901234, 0.5805724344135802]}