{"val_loss": [0.6491952987364781, 0.6322598759038949, 0.6155067211315955, 0.5991786931767876, 0.5822504788269232, 0.5656608630109716, 0.5495036008917256, 0.5349802065778662, 0.5205014841056165, 0.5063207598380101, 0.4929374794901153, 0.48003875694157166, 0.46768774220972886, 0.45816431332517554, 0.44780066462210666, 0.439132011231081, 0.43015966371253683, 0.4232138178230804, 0.41606328627209604, 0.4088566145043314, 0.4048712463290603, 0.39934539169441036, 0.39216756526334784, 0.3900702352877016, 0.38605221259741135, 0.3825378307589778, 0.3797484231583866, 0.37630461579487645, 0.372401660239255, 0.37090345150158727, 0.3701512905550592, 0.3675181453610644, 0.3656737635165085, 0.36330849520954084, 0.36211655426908423, 0.36188047793176437, 0.3602288236588608, 0.35904969918875046, 0.35839540980480333, 0.35647898691671864, 0.35599873021796896, 0.3559373598775746, 0.35351980652338194, 0.3548816950232894, 0.3540790831601178, 0.3543538546856539, 0.3522956809143961, 0.35547766199818365, 0.35251327392495707, 0.35217962441621004, 0.3519581777078134, 0.35271316214844034, 0.35197932447916197, 0.35108637699374445, 0.35091595590850455, 0.3518268484392284, 0.35146446581240054, 0.35155859405611767, 0.3517238004707996, 0.3521193328463001, 0.3500398206122128, 0.35262589027852187, 0.3507702405805941, 0.3512240677704046, 0.3524879522529649, 0.3524102572305703, 0.3522496587700314, 0.35080799607583035, 0.3540598084161311, 0.35206856587786733, 0.35227591866328395], "val_acc": [0.5219907407407407, 0.6419753086419753, 0.7183641975308642, 0.7735339506172839, 0.7989969135802469, 0.8198302469135802, 0.8356481481481481, 0.8441358024691358, 0.8537808641975309, 0.8630401234567902, 0.8661265432098766, 0.8692129629629629, 0.8695987654320988, 0.8676697530864198, 0.8684413580246914, 0.8641975308641975, 0.8638117283950617, 0.8645833333333334, 0.8665123456790124, 0.8676697530864198, 0.8676697530864198, 0.8661265432098766, 0.8665123456790124, 0.8634259259259259, 0.8630401234567902, 0.8634259259259259, 0.8626543209876543, 0.8614969135802469, 0.8611111111111112, 0.8584104938271605, 0.8549382716049383, 0.8553240740740741, 0.8557098765432098, 0.8576388888888888, 0.8557098765432098, 0.8553240740740741, 0.8553240740740741, 0.8533950617283951, 0.8545524691358025, 0.8545524691358025, 0.8545524691358025, 0.8545524691358025, 0.8553240740740741, 0.8545524691358025, 0.8557098765432098, 0.8541666666666666, 0.8557098765432098, 0.8541666666666666, 0.8557098765432098, 0.8545524691358025, 0.8553240740740741, 0.8537808641975309, 0.8553240740740741, 0.8564814814814815, 0.8560956790123457, 0.8560956790123457, 0.8560956790123457, 0.8557098765432098, 0.8557098765432098, 0.8549382716049383, 0.8549382716049383, 0.8533950617283951, 0.8545524691358025, 0.8537808641975309, 0.8526234567901234, 0.8530092592592593, 0.8522376543209876, 0.8537808641975309, 0.8522376543209876, 0.8526234567901234, 0.8533950617283951], "loss": [0.6842109558207018, 0.6536933560798197, 0.6371244795528459, 0.621482901091193, 0.6053537676271833, 0.5894597399933839, 0.5736272095553117, 0.557904032898354, 0.5420282754909109, 0.5262551529470969, 0.5112607618793845, 0.49610146865202687, 0.4811178199417981, 0.4666789851760791, 0.45258798138640915, 0.4388397411201839, 0.42565828978003545, 0.4127364713744617, 0.40002865760506673, 0.3877290766801179, 0.3758184432086569, 0.3643886859149293, 0.3533163393307247, 0.3424950375877045, 0.33227638004600635, 0.32209787407407053, 0.31216333090201204, 0.3027334480120996, 0.29346874897816666, 0.2844746997177509, 0.27582198731532254, 0.2674875358108109, 0.2591837753231327, 0.25116387720185296, 0.24356886102921432, 0.23623435649974847, 0.2291048643593159, 0.22211685870417658, 0.21549202515571206, 0.2092965688429957, 0.203057099311946, 0.19711142754826097, 0.1910693449497131, 0.18555782828480005, 0.18019248043865332, 0.17483042223654963, 0.1697527428307099, 0.16506014107496558, 0.1601415631464786, 0.15557894287458449, 0.1509385141429066, 0.1469323866236035, 0.14291791391650926, 0.13892912832491192, 0.13508468481171645, 0.13125498386467865, 0.12764144542535055, 0.1244026502036708, 0.12076093271420693, 0.11752372528541327, 0.11442345744113863, 0.11116365376963383, 0.10849095563933162, 0.10532371996166069, 0.10250243849270506, 0.09995485617445758, 0.09704997449434925, 0.09476652603458476, 0.09228340234538471, 0.09020718945374276, 0.08779800334732611], "acc": [0.5, 0.5, 0.5001567322530864, 0.5017602237654321, 0.5082224151234568, 0.520947868441358, 0.5437584394290124, 0.5823145736882716, 0.6559003665123457, 0.7577160493827161, 0.8499831211419753, 0.9132848668981481, 0.9479829764660493, 0.9645061728395061, 0.974585262345679, 0.9802396797839507, 0.9838023244598766, 0.9862678433641975, 0.9882089120370371, 0.9897762345679012, 0.9909456983024691, 0.9918921199845679, 0.9926697530864198, 0.9934112172067902, 0.9937548225308642, 0.9942973572530864, 0.994580680941358, 0.9950508777006173, 0.9951895254629629, 0.9953281732253086, 0.9957079475308642, 0.9959189332561729, 0.9962625385802469, 0.9964494116512346, 0.9965940875771605, 0.9967749324845679, 0.9969859182098766, 0.9969738618827161, 0.9971788194444444, 0.9971727912808642, 0.9971788194444444, 0.9973777488425926, 0.9973415798611112, 0.9975887345679012, 0.9975224247685185, 0.9977997202932098, 0.9975947627314815, 0.9977394386574074, 0.9978117766203703, 0.9981192129629629, 0.9980348186728395, 0.9980529031635802, 0.9980408468364198, 0.9980830439814815, 0.9982216917438271, 0.9982337480709876, 0.9982518325617284, 0.9983482831790124, 0.9983000578703703, 0.9982397762345679, 0.9983904803240741, 0.9983723958333334, 0.9983663676697531, 0.9984387056327161, 0.9984989872685185, 0.998486930941358, 0.9985170717592593, 0.9986436631944444, 0.9986617476851852, 0.998559268904321, 0.9985894097222222]}