{"val_loss": [0.6828987274640872, 0.6701727428554017, 0.6626401043232576, 0.6564148473150936, 0.6519091166095969, 0.6473718256126215, 0.6431198252571954, 0.6401498096960562, 0.6358706068109583, 0.6342577404446073, 0.6301541828814848, 0.6261293402424565, 0.6223743329813451, 0.6200369191758427, 0.6170901840115771, 0.614195078243444, 0.6116955192000778, 0.6079223148616744, 0.6067639765916047, 0.6042389582704615, 0.600870097125018, 0.5988621181911893, 0.5985553132163154, 0.5960807505949044, 0.5937113408689145, 0.5922227597530977, 0.5921448307272829, 0.5903870897528566, 0.5886887282501032, 0.586325897110833, 0.5852681310088547, 0.5854573838504744, 0.58300436720436, 0.5815542303485635, 0.5842556121908589, 0.5812800968134845, 0.5802775768586147, 0.577966191150524, 0.5788492972468152, 0.5753522272463198, 0.5782228619964035, 0.5784731713342078, 0.5744608051982927, 0.5776438109668685, 0.5742974825847296, 0.5750236047638787, 0.5735012322296331, 0.5713280233336083, 0.5733467355186557, 0.5709807078043619, 0.5711760307535713, 0.5716162375461908, 0.5669670833481683, 0.5682192385932545, 0.5664754877855749, 0.5689208551689431, 0.569698636914477, 0.5668183896276686, 0.5676452002407592, 0.5666735135478738, 0.5673691122620194, 0.5662288393503354, 0.5672960892135714, 0.5653949019349651, 0.5631031305701645, 0.5658668088324276, 0.5652438137266371, 0.5666064620018005, 0.5635827757694103, 0.565266751948698, 0.5653694272041321, 0.5649199493137407, 0.5635159626419162, 0.565167091510914, 0.5677881689719212], "val_acc": [0.5073302469135802, 0.6161265432098766, 0.6473765432098766, 0.6512345679012346, 0.6770833333333334, 0.6809413580246914, 0.683641975308642, 0.6793981481481481, 0.6882716049382716, 0.6782407407407407, 0.6805555555555556, 0.6840277777777778, 0.6840277777777778, 0.6840277777777778, 0.6851851851851852, 0.6832561728395061, 0.6824845679012346, 0.6875, 0.6847993827160493, 0.6878858024691358, 0.6890432098765432, 0.6898148148148148, 0.6905864197530864, 0.6936728395061729, 0.6956018518518519, 0.6956018518518519, 0.6994598765432098, 0.7017746913580247, 0.7040895061728395, 0.7075617283950617, 0.7052469135802469, 0.7048611111111112, 0.7064043209876543, 0.7079475308641975, 0.6986882716049383, 0.7002314814814815, 0.7033179012345679, 0.7025462962962963, 0.7017746913580247, 0.7033179012345679, 0.6998456790123457, 0.6963734567901234, 0.6998456790123457, 0.6940586419753086, 0.6983024691358025, 0.6948302469135802, 0.7017746913580247, 0.7029320987654321, 0.6971450617283951, 0.7037037037037037, 0.6994598765432098, 0.7002314814814815, 0.7102623456790124, 0.7098765432098766, 0.7145061728395061, 0.7121913580246914, 0.7060185185185185, 0.7141203703703703, 0.7102623456790124, 0.7087191358024691, 0.7040895061728395, 0.7098765432098766, 0.7029320987654321, 0.7071759259259259, 0.7125771604938271, 0.7094907407407407, 0.7102623456790124, 0.7083333333333334, 0.7160493827160493, 0.7121913580246914, 0.7110339506172839, 0.7141203703703703, 0.7156635802469136, 0.714891975308642, 0.7094907407407407], "loss": [0.9152733239770672, 0.6882300474623471, 0.6685316477338841, 0.6602089009535166, 0.6547647353813604, 0.6498905165741841, 0.6452770119785894, 0.6411032082949891, 0.6372258670766044, 0.6335523789863527, 0.6298443822213161, 0.6261925638687832, 0.6223984413124897, 0.6186706254511704, 0.6149637509873251, 0.6112745579929999, 0.6078402544659229, 0.6040735191631096, 0.6008029550681879, 0.5973740263301649, 0.594233862572798, 0.5910923635058197, 0.588027048672055, 0.5848192748280219, 0.581833822629702, 0.5790559789625767, 0.5759790297022757, 0.5733279055444362, 0.5704207598335214, 0.5676469979232844, 0.5650490618506332, 0.5623957428644285, 0.5596564365435898, 0.5571731941682505, 0.5548590522397447, 0.5524687425313909, 0.5500714989540018, 0.5473930549198462, 0.5453625687363522, 0.5428841966261835, 0.5404451506695261, 0.5384879630679885, 0.5362343449766437, 0.5339034781273868, 0.531580007393603, 0.5294539991904188, 0.527490385244658, 0.5253726905786696, 0.5233982653230612, 0.521082312087126, 0.5189263265189014, 0.5170541880767286, 0.5147444905805183, 0.5131087976128414, 0.5108752814753924, 0.5088104225902094, 0.5069919101962889, 0.5050165271501482, 0.5030261639068708, 0.5008210701362035, 0.49898013566839106, 0.4972104893790351, 0.49499780653665465, 0.4929497283136035, 0.4907191985137301, 0.48896625344813976, 0.4864383542473302, 0.4844236291921985, 0.48296050631935583, 0.4809025425325941, 0.4788664201113545, 0.4766780046953095, 0.4744957258901846, 0.4722758976650643, 0.47044371555984754], "acc": [0.5, 0.5002712673611112, 0.5242091049382716, 0.5866669077932098, 0.6202256944444444, 0.644579475308642, 0.6575882523148148, 0.6671730324074074, 0.6768602912808642, 0.683081356095679, 0.6912796585648148, 0.6983868634259259, 0.7054940682870371, 0.7128604841820988, 0.7190996334876543, 0.725145881558642, 0.7298599054783951, 0.7334707754629629, 0.7349175347222222, 0.7381727430555556, 0.7402946566358025, 0.7421513310185185, 0.7432846257716049, 0.7439718364197531, 0.745165412808642, 0.7474440586419753, 0.7497829861111112, 0.7511091820987654, 0.7540268132716049, 0.7567093460648148, 0.7581380208333334, 0.7593195408950617, 0.7618815104166666, 0.7635693962191358, 0.7653356481481481, 0.7678132233796297, 0.7689163773148148, 0.7704716435185185, 0.7726658950617284, 0.7753966531635802, 0.7762767650462963, 0.7786036361882716, 0.7799117476851852, 0.7806471836419753, 0.7834201388888888, 0.7846739969135802, 0.7865608121141975, 0.7882125289351852, 0.7887610918209876, 0.7915159625771605, 0.7930350597993827, 0.7937403549382716, 0.7955668885030864, 0.7964289158950617, 0.7979359567901234, 0.799828800154321, 0.8009198977623457, 0.8024329668209876, 0.8033974729938271, 0.8043800636574074, 0.8050250771604939, 0.8073579764660493, 0.80810546875, 0.8090880594135802, 0.8127772955246914, 0.8129521122685185, 0.8147485050154321, 0.8167498553240741, 0.8185040509259259, 0.8195830922067902, 0.8220003858024691, 0.8235556520061729, 0.8257257908950617, 0.8281370563271605, 0.8290955343364198]}