{"val_loss": [0.6539055241478814, 0.630956169999676, 0.6168328347029509, 0.603661440036915, 0.5925054984328187, 0.5805283571466987, 0.5689062851446646, 0.5583375412740825, 0.5475874160542901, 0.5362361971242928, 0.5262112234845574, 0.5144151566941061, 0.5029629226084109, 0.4899266016336135, 0.4782806800471412, 0.4682951238420274, 0.4564720690250397, 0.4473901902451927, 0.43971140222784916, 0.43056699228875434, 0.42465728521347046, 0.4174661445028988, 0.412581424654266, 0.40625127487712437, 0.4013197929770858, 0.3972797283419856, 0.3926534450348513, 0.3892177884225492, 0.38471682866414386, 0.3815782927436593, 0.38082950792194886, 0.3764639173024966, 0.374120721846451, 0.37193513063736905, 0.3702244147842313, 0.36676505612738336, 0.36628288840070183, 0.3638138881436101, 0.36254600315918156, 0.36116605481983705, 0.3611182515267973, 0.35862870312031403, 0.3575047357582752, 0.3577002912391851, 0.35807150859891634, 0.35692572225759056, 0.35607350755620887, 0.3560932293350314, 0.3557900028464235, 0.35568229099850596, 0.3544873698258106, 0.35426109734876654, 0.354736253803159, 0.35515151274057083, 0.3550878667537077, 0.3554155182691268, 0.35437600369806643, 0.3538328839672936, 0.35561763835542, 0.3553488063223568, 0.35596431810178875, 0.35601326050581755, 0.3564274995415299, 0.357732574880859, 0.3570651224365941, 0.3577712915929747, 0.35768986410564846, 0.3580060936050651], "val_acc": [0.5084876543209876, 0.6423611111111112, 0.7183641975308642, 0.7619598765432098, 0.7816358024691358, 0.7947530864197531, 0.8009259259259259, 0.8113425925925926, 0.816358024691358, 0.8171296296296297, 0.8175154320987654, 0.8236882716049383, 0.8263888888888888, 0.8310185185185185, 0.8348765432098766, 0.8368055555555556, 0.8402777777777778, 0.839891975308642, 0.8364197530864198, 0.8402777777777778, 0.8406635802469136, 0.839891975308642, 0.8356481481481481, 0.8379629629629629, 0.8383487654320988, 0.8387345679012346, 0.8375771604938271, 0.8368055555555556, 0.8383487654320988, 0.8383487654320988, 0.8371913580246914, 0.8383487654320988, 0.839891975308642, 0.8429783950617284, 0.8433641975308642, 0.8445216049382716, 0.8464506172839507, 0.8483796296296297, 0.8487654320987654, 0.8491512345679012, 0.8472222222222222, 0.8495370370370371, 0.8510802469135802, 0.8499228395061729, 0.8487654320987654, 0.8499228395061729, 0.8506944444444444, 0.8472222222222222, 0.845679012345679, 0.8449074074074074, 0.8464506172839507, 0.8445216049382716, 0.8425925925925926, 0.8425925925925926, 0.8425925925925926, 0.8406635802469136, 0.839891975308642, 0.8391203703703703, 0.8379629629629629, 0.8375771604938271, 0.8360339506172839, 0.8360339506172839, 0.8352623456790124, 0.8310185185185185, 0.8321759259259259, 0.8317901234567902, 0.8325617283950617, 0.8333333333333334], "loss": [0.8724417412354623, 0.6630456945226516, 0.6357339020404551, 0.6197635218915012, 0.6060849371147744, 0.5932326678094673, 0.5802808684400387, 0.5677496064684273, 0.5550134915881503, 0.5420414796214045, 0.5289880002009464, 0.5160007625243362, 0.502660472129966, 0.48902133106035583, 0.4749244528213217, 0.4609807524715125, 0.4471164920746728, 0.43365938124465353, 0.4204130028776916, 0.4078015604596815, 0.3952812422411861, 0.3828616210569938, 0.37145296657848875, 0.3596114802783654, 0.34871341929667526, 0.33796438647227156, 0.32757241486997146, 0.3176113241179674, 0.30795733054616936, 0.29850022134911497, 0.28921523981118274, 0.2803339148917592, 0.2720206098941465, 0.26360872228641385, 0.2555945528682643, 0.24767238481177223, 0.2401158940679405, 0.2326758003184273, 0.2255025827785793, 0.21895819339027375, 0.2121668253208936, 0.20566843858816558, 0.19984521130444827, 0.19380759373077272, 0.18803478893536477, 0.18253239565586418, 0.17707778796852555, 0.17174722926898134, 0.16643737911902093, 0.16150519144893796, 0.15679155150428414, 0.1525347930620666, 0.1480671563214496, 0.14372241427765492, 0.13951094002451425, 0.13568036459144894, 0.1316649111326968, 0.12805919831526685, 0.124676856994169, 0.12117733608609364, 0.1178929186857271, 0.11472868033753778, 0.11137554733898997, 0.10816708841234629, 0.10539956105137128, 0.10253096389135828, 0.09993501671267972, 0.09711848266629709], "acc": [0.5, 0.5036048418209876, 0.5462360146604939, 0.5786735628858025, 0.5969147858796297, 0.6116295331790124, 0.6249879436728395, 0.6425118152006173, 0.6666666666666666, 0.69970703125, 0.7404815297067902, 0.7903223861882716, 0.8418089313271605, 0.8897388599537037, 0.9268000096450617, 0.9511296778549383, 0.9671103395061729, 0.9746817129629629, 0.9802758487654321, 0.9835611979166666, 0.9850742669753086, 0.9875759548611112, 0.9890407986111112, 0.9900957272376543, 0.9906322337962963, 0.9918921199845679, 0.9926818094135802, 0.9933629918981481, 0.9936885127314815, 0.994164737654321, 0.9945746527777778, 0.9947976948302469, 0.9952076099537037, 0.9956898630401234, 0.9957019193672839, 0.9960575810185185, 0.9966121720679012, 0.9965760030864198, 0.9969316647376543, 0.9968472704475309, 0.9970100308641975, 0.9971245659722222, 0.9972391010802469, 0.997510368441358, 0.997534481095679, 0.9977454668209876, 0.9978780864197531, 0.9980770158179012, 0.9981855227623457, 0.9981794945987654, 0.9983301986882716, 0.9982638888888888, 0.9982277199074074, 0.9984266493055556, 0.9985050154320988, 0.9985713252314815, 0.9987280574845679, 0.9985894097222222, 0.9986918885030864, 0.9987521701388888, 0.9989510995370371, 0.9988606770833334, 0.9989028742283951, 0.9989028742283951, 0.999071662808642, 0.9991018036265432, 0.998999324845679, 0.9989691840277778]}