{"val_loss": [0.6962459256619583, 0.6950141294502917, 0.6961188993336241, 0.6973327648492507, 0.698335184727186, 0.6993067132102119, 0.7002206098886183, 0.7007573622244375, 0.7016312811109755, 0.7022322901973018, 0.7027635324148485, 0.7031303541159925], "val_acc": [0.46334876543209874, 0.5007716049382716, 0.498070987654321, 0.49691358024691357, 0.49382716049382713, 0.498070987654321, 0.4965277777777778, 0.4949845679012346, 0.49382716049382713, 0.49691358024691357, 0.49537037037037035, 0.4984567901234568], "loss": [0.9431322050039415, 0.6973369268723476, 0.6842387198344057, 0.68089289261879, 0.6791052658708743, 0.6781608514533735, 0.6775766850483639, 0.6772474213790747, 0.6769376267897494, 0.67675338126719, 0.6767315566539764, 0.6766177415847778], "acc": [0.5, 0.49996383101851855, 0.5179759837962963, 0.5547658661265432, 0.5670030381944444, 0.5717110339506173, 0.5723439911265432, 0.5735978491512346, 0.5742127218364198, 0.5740620177469136, 0.5746889467592593, 0.5752133969907407]}