{"val_loss": [0.689486355693252, 0.6293058439537331, 0.6037226709318749, 0.5910720236507463, 0.5797965357333054, 0.5700078753777492, 0.5608746953952459, 0.5500304603282317, 0.5417666494110485, 0.533888738832356, 0.5283036570490143, 0.5196876695126663, 0.5122731261783176, 0.5076440285753321, 0.5045723797362528, 0.49582975293383186, 0.49039589181358434, 0.48876947311707486, 0.48434580991297593, 0.4830251019677998, 0.4772502573919885, 0.4721576284479212, 0.4750288548292937, 0.4712051138465787, 0.46672182539362966, 0.4656449372385755, 0.46222146940820014, 0.4573963240340904, 0.4554296400811937, 0.45321829745798936, 0.4471470058700185, 0.44311070736543634, 0.43953763482011393, 0.43459511171152565, 0.4332866072654724, 0.42844747172461617, 0.424666972807896, 0.424651539620058, 0.422511456925192, 0.41930053705050624, 0.41610157563362593, 0.41495748655295667, 0.41742446687486434, 0.4151757904040961, 0.41104783172960635, 0.4086384309662713, 0.40767006226527835, 0.4073157921249484, 0.4061279797259672, 0.40418044873225834, 0.40463560893211836, 0.4027874712590818, 0.40193074647291205, 0.40154008438557753, 0.40056136360874883, 0.3997806693300789, 0.39751704533894855, 0.3959147444477788, 0.39534932007024315, 0.3939086890514986, 0.39180975195802287, 0.3938223487801022, 0.3903754445505731, 0.3911883669135011, 0.39178422534907303, 0.3891419275307361, 0.3877983840159428, 0.3899806108739641, 0.38925163282288444, 0.3882803802872882, 0.38596455219351217, 0.39054969210683566, 0.38827826395446874, 0.3895754232818698, 0.3869874013794793, 0.3878017413763352, 0.38722270175262735, 0.38932697382974035, 0.3875725195731646, 0.3877771526207159, 0.3885855520213092], "val_acc": [0.5, 0.6076388888888888, 0.7368827160493827, 0.7797067901234568, 0.7932098765432098, 0.8032407407407407, 0.7986111111111112, 0.8059413580246914, 0.8090277777777778, 0.8140432098765432, 0.8094135802469136, 0.8070987654320988, 0.8140432098765432, 0.8078703703703703, 0.8051697530864198, 0.8078703703703703, 0.8078703703703703, 0.8051697530864198, 0.8028549382716049, 0.7970679012345679, 0.7982253086419753, 0.8043981481481481, 0.7901234567901234, 0.7974537037037037, 0.7959104938271605, 0.7935956790123457, 0.7970679012345679, 0.7978395061728395, 0.7947530864197531, 0.7947530864197531, 0.8009259259259259, 0.7986111111111112, 0.8001543209876543, 0.8013117283950617, 0.8040123456790124, 0.8094135802469136, 0.8101851851851852, 0.8082561728395061, 0.8074845679012346, 0.8132716049382716, 0.8140432098765432, 0.8136574074074074, 0.808641975308642, 0.8113425925925926, 0.8167438271604939, 0.8209876543209876, 0.8202160493827161, 0.8225308641975309, 0.8225308641975309, 0.8221450617283951, 0.8233024691358025, 0.8229166666666666, 0.8240740740740741, 0.8244598765432098, 0.8287037037037037, 0.8287037037037037, 0.8325617283950617, 0.8329475308641975, 0.8317901234567902, 0.8329475308641975, 0.8337191358024691, 0.8317901234567902, 0.8329475308641975, 0.8325617283950617, 0.8325617283950617, 0.8321759259259259, 0.8321759259259259, 0.8302469135802469, 0.8310185185185185, 0.8325617283950617, 0.8360339506172839, 0.8321759259259259, 0.8348765432098766, 0.8341049382716049, 0.8364197530864198, 0.8341049382716049, 0.8360339506172839, 0.8337191358024691, 0.8356481481481481, 0.8352623456790124, 0.8364197530864198], "loss": [1.667839689180255, 0.6985630261033405, 0.6380547245757447, 0.6137904463404859, 0.5966160968520943, 0.5825315259833946, 0.5694344126056006, 0.557299917563796, 0.5460527592488094, 0.5352464697128276, 0.5249759204754675, 0.5149679839335106, 0.5052463955326397, 0.4960489850146351, 0.4870419208834201, 0.4780630021367544, 0.46934766491392144, 0.46094707106412564, 0.4527626841524501, 0.44459509412631576, 0.43662575633483536, 0.4293712210829979, 0.4216244487252868, 0.4133659001600779, 0.4063819655343706, 0.3983007994376951, 0.3912466184615537, 0.38304897687501377, 0.3744975189321939, 0.36610962595376706, 0.3564586113839422, 0.34691491681668496, 0.3367696272002326, 0.3270378548559951, 0.3164104498508904, 0.30624832929813384, 0.29685627045914714, 0.28719797966150956, 0.27789632528790353, 0.26896298328920465, 0.2606397694160725, 0.2525403093558127, 0.2446627619929244, 0.23643839320190896, 0.22930992776413023, 0.22228097289018792, 0.21506975258896013, 0.2087543756229642, 0.20237430535762765, 0.19646430044308488, 0.1901206721632201, 0.18488385237431454, 0.17899951832598926, 0.1738391884683091, 0.16857155309530136, 0.16364554725127456, 0.15844263323513721, 0.15370112911073697, 0.14883081938921947, 0.144092546298778, 0.13964139204759748, 0.13547785049821767, 0.1308026780449084, 0.12683339739781746, 0.12292854846052734, 0.11905488465843653, 0.11520989164480089, 0.11136727025847376, 0.10790846914190937, 0.10471356511518451, 0.10118118298159522, 0.09824394176277206, 0.09498258786172503, 0.09197501840219362, 0.08923205220496949, 0.08647332846669963, 0.08373710577646386, 0.08117725609738471, 0.0787202254222292, 0.07624470635696694, 0.07394357596202121], "acc": [0.5, 0.5000060281635802, 0.5258367091049383, 0.5866608796296297, 0.6135525173611112, 0.6303168402777778, 0.6474669656635802, 0.6707356770833334, 0.6921477141203703, 0.717749324845679, 0.7425793306327161, 0.7660168306327161, 0.7883150077160493, 0.8088589891975309, 0.8266179591049383, 0.8437078028549383, 0.8567045235339507, 0.8692250192901234, 0.8796416859567902, 0.8900402681327161, 0.8996129918981481, 0.9059787326388888, 0.9124469521604939, 0.9190357349537037, 0.9239607445987654, 0.9301818094135802, 0.9344618055555556, 0.9397424768518519, 0.9453426408179012, 0.9507921006944444, 0.9574893904320988, 0.9620828510802469, 0.9670801986882716, 0.9713662229938271, 0.9754231770833334, 0.9785216531635802, 0.9819155092592593, 0.9849175347222222, 0.9869851948302469, 0.9887635030864198, 0.9906925154320988, 0.9916630497685185, 0.9928325135030864, 0.9937246817129629, 0.9945445119598766, 0.9951292438271605, 0.9957501446759259, 0.9961841724537037, 0.9966603973765432, 0.9969557773919753, 0.9974500868055556, 0.9976249035493827, 0.9979564525462963, 0.9980408468364198, 0.9982277199074074, 0.9984447337962963, 0.9986617476851852, 0.9985713252314815, 0.9986376350308642, 0.9988425925925926, 0.9989450713734568, 0.9991259162808642, 0.9990174093364198, 0.9990174093364198, 0.9991801697530864, 0.9991379726080247, 0.9992103105709876, 0.9992585358796297, 0.9993489583333334, 0.9992705922067902, 0.9993369020061729, 0.9993790991512346, 0.9994212962962963, 0.9994695216049383, 0.9994936342592593, 0.9994454089506173, 0.9995177469135802, 0.9996021412037037, 0.9995659722222222, 0.9996443383487654, 0.9995900848765432]}