{"val_loss": [0.6775630933267099, 0.629716099044423, 0.6109692446979476, 0.5989781161885203, 0.5852069633978384, 0.5713488783365415, 0.5653618000171803, 0.5575260453754001, 0.5495328836970859, 0.5404877228501402, 0.5334928675934121, 0.527667725527728, 0.5229307523480168, 0.5159042882330623, 0.5105609628889296, 0.5040122355207984, 0.5012701852822009, 0.4976665546864639, 0.4962138835294747, 0.4871926462208783, 0.4903319415486889, 0.4813687334090103, 0.4786891650270533, 0.47395202112786566, 0.47317078341672447, 0.4672441545092029, 0.46630173627241156, 0.4628171280578331, 0.4601624074541492, 0.4583750433391995, 0.45370258924401835, 0.45496434341242287, 0.4482391093984062, 0.44584265461674444, 0.44262689536000477, 0.44254376527703837, 0.4384501672085421, 0.4377608049063035, 0.43469148138423025, 0.4331786065925787, 0.4310020896387689, 0.430068345349512, 0.4293947164659147, 0.4287288976304325, 0.42806169427471397, 0.4241440369759077, 0.4226719950452263, 0.4233522922904403, 0.4223094074814408, 0.42173400079762496, 0.42071794874874163, 0.4209477489377246, 0.419029512891063, 0.4196648089974015, 0.4185610788839835, 0.41831776242197294, 0.4173127799122422, 0.41691827295738976, 0.41463813847965664, 0.4161328246564041, 0.41516849361819985, 0.41701941652062496, 0.4157082743850755, 0.4166194568445653, 0.4176923073368308, 0.41759706500135824, 0.4179346818982819, 0.417514427576536, 0.41793865039024825], "val_acc": [0.5, 0.6153549382716049, 0.7411265432098766, 0.7824074074074074, 0.7874228395061729, 0.7854938271604939, 0.7951388888888888, 0.8024691358024691, 0.8009259259259259, 0.8032407407407407, 0.8028549382716049, 0.8067129629629629, 0.8024691358024691, 0.8036265432098766, 0.8094135802469136, 0.8059413580246914, 0.8013117283950617, 0.7970679012345679, 0.7878086419753086, 0.8009259259259259, 0.7881944444444444, 0.7959104938271605, 0.7939814814814815, 0.7959104938271605, 0.7916666666666666, 0.7935956790123457, 0.7889660493827161, 0.7912808641975309, 0.7885802469135802, 0.7885802469135802, 0.7912808641975309, 0.7893518518518519, 0.7955246913580247, 0.7982253086419753, 0.7993827160493827, 0.8001543209876543, 0.8024691358024691, 0.8028549382716049, 0.8036265432098766, 0.8070987654320988, 0.8067129629629629, 0.8047839506172839, 0.8051697530864198, 0.8047839506172839, 0.8055555555555556, 0.8067129629629629, 0.8082561728395061, 0.8113425925925926, 0.8113425925925926, 0.8140432098765432, 0.8136574074074074, 0.8140432098765432, 0.8167438271604939, 0.816358024691358, 0.8167438271604939, 0.8155864197530864, 0.8167438271604939, 0.8182870370370371, 0.8209876543209876, 0.8182870370370371, 0.8198302469135802, 0.8190586419753086, 0.8209876543209876, 0.8217592592592593, 0.8229166666666666, 0.8236882716049383, 0.8248456790123457, 0.8248456790123457, 0.8256172839506173], "loss": [1.3978999670089027, 0.6824906314550726, 0.6361399931994117, 0.614485918049827, 0.598059606404952, 0.5841624954324446, 0.5714044084910441, 0.559441770242964, 0.5480033183631338, 0.5373967322118488, 0.5266641841649458, 0.5168578370508773, 0.5068829221375011, 0.4976010452496049, 0.4882085195593076, 0.47926802850431865, 0.47004863645099565, 0.4614459378644824, 0.4530110087843589, 0.44408796496551345, 0.435819753560663, 0.4271099497161714, 0.41869559324128025, 0.4095898218521917, 0.4001250501239189, 0.39021831346146857, 0.37986418288661006, 0.36813028915612783, 0.35724352385250874, 0.3453516554041409, 0.3348687244234262, 0.324302945803437, 0.31414835142362635, 0.30417336364288206, 0.29422994462750207, 0.2850881379649595, 0.2759199119977837, 0.26709602315576725, 0.25936692814561135, 0.25157347643448985, 0.2438695336876, 0.23629198829286996, 0.22918616898679806, 0.222497357831647, 0.21638569603731603, 0.2099077953715567, 0.20340753068434603, 0.19764761405962486, 0.19138213968548326, 0.18614116299575495, 0.18029964259354236, 0.1752850567508075, 0.1702961086720964, 0.1650196564682748, 0.15988398983752655, 0.15539006853798104, 0.15067682239330477, 0.14623914013996167, 0.14184871724128356, 0.137509817622579, 0.13349602939733476, 0.1296153558579124, 0.12553049120362159, 0.1216614787771516, 0.11818847246468067, 0.11484531454316536, 0.11103948137297491, 0.10790526468801186, 0.1044177938580375], "acc": [0.5, 0.5000904224537037, 0.5313946759259259, 0.5895724826388888, 0.6140829957561729, 0.6295090663580247, 0.6436933352623457, 0.6647617669753086, 0.688916618441358, 0.7139696662808642, 0.7392758969907407, 0.7629665798611112, 0.787085262345679, 0.8077618634259259, 0.8272810570987654, 0.8435149016203703, 0.85986328125, 0.8728057484567902, 0.8834032600308642, 0.8959116994598766, 0.9048454378858025, 0.9134657118055556, 0.9220196759259259, 0.9307785976080247, 0.9389588155864198, 0.9480673707561729, 0.955590518904321, 0.9646568769290124, 0.9703112943672839, 0.9756281346450617, 0.9790581597222222, 0.9825424382716049, 0.9851767457561729, 0.9876965181327161, 0.9890769675925926, 0.9903730227623457, 0.9915786554783951, 0.9927601755401234, 0.9932725694444444, 0.9941345968364198, 0.9947133005401234, 0.9950749903549383, 0.995653694058642, 0.9962987075617284, 0.9965760030864198, 0.9969437210648148, 0.9972993827160493, 0.9973717206790124, 0.9975405092592593, 0.9978600019290124, 0.9979926215277778, 0.9982578607253086, 0.9982638888888888, 0.9982518325617284, 0.998486930941358, 0.9985170717592593, 0.9987220293209876, 0.9987099729938271, 0.9988606770833334, 0.9988606770833334, 0.9988727334104939, 0.9990113811728395, 0.9990174093364198, 0.9990776909722222, 0.9991681134259259, 0.9991922260802469, 0.9992404513888888, 0.9992404513888888, 0.9993188175154321]}