{"val_loss": [0.6954622452641711, 0.6947282508567527, 0.6950641664457909, 0.6956818302472433, 0.6964753373169604, 0.6972839405507217, 0.698186038452902, 0.6990284308975125, 0.6997033894797902, 0.7004945462132678, 0.7010109623273214, 0.7015215460165047], "val_acc": [0.4367283950617284, 0.4996141975308642, 0.5, 0.503858024691358, 0.5027006172839507, 0.4992283950617284, 0.5034722222222222, 0.5030864197530864, 0.5034722222222222, 0.5015432098765432, 0.503858024691358, 0.5034722222222222], "loss": [0.7841109470176844, 0.6923077317575613, 0.6863543981985177, 0.6831508773482509, 0.6807519403964649, 0.6792603673436391, 0.6781427538091386, 0.677411540514893, 0.6768422008802494, 0.6763280178707691, 0.6759067976410374, 0.6757003769140553], "acc": [0.5, 0.49936704282407407, 0.5095003858024691, 0.5470980420524691, 0.5672863618827161, 0.5708128375771605, 0.5747612847222222, 0.5758764949845679, 0.5778537326388888, 0.5778778452932098, 0.5790714216820988, 0.5797043788580247]}