{"val_loss": [0.6699194113413492, 0.6304485562406941, 0.6111573113335503, 0.5985067354308234, 0.586334388933064, 0.5768735320479782, 0.5672861418606322, 0.5579511236261439, 0.548303872714808, 0.5414632669201603, 0.53238003121482, 0.5231109798690419, 0.5201208017490528, 0.5100443657533622, 0.5052899328278907, 0.4984968238406711, 0.49428409632341364, 0.4905555343922274, 0.48283114109510256, 0.47917902984736876, 0.475682622856564, 0.4697581500182917, 0.4631888940010542, 0.46094929620071695, 0.453128629260593, 0.44857829551637907, 0.44641782692921017, 0.44253433780905643, 0.4391517300664643, 0.4350746619848557, 0.43308088882469836, 0.4293589452166616, 0.42952311554072814, 0.42639695751814194, 0.4225591347541338, 0.42257347371843124, 0.4209422631028258, 0.4172283856221187, 0.4170209143632724, 0.41471275098529864, 0.41550249817930623, 0.4117679908687686, 0.410072405765086, 0.4099193877644009, 0.4081918177781282, 0.4079726919715787, 0.4057208752190625, 0.40297579728526833, 0.4037968295591849, 0.40379435044747813, 0.40208665529886883, 0.40123504988941144, 0.4006294078297085, 0.4007525856112256, 0.39999826344442957, 0.3999922172522839, 0.39943419488859766, 0.3999381043292858, 0.39923865964383254, 0.3988500480298643, 0.39967964828750235, 0.40033114913069173, 0.39821716076062047, 0.39911230037241807, 0.4000944399539335, 0.39903817427011185, 0.3990695502287076, 0.39917200288654847, 0.39891034291114336, 0.4000943663679523, 0.3985034363505281, 0.3995764329109663, 0.4012242680714454], "val_acc": [0.5003858024691358, 0.6369598765432098, 0.7233796296296297, 0.7708333333333334, 0.7820216049382716, 0.7885802469135802, 0.7966820987654321, 0.8009259259259259, 0.8051697530864198, 0.808641975308642, 0.8125, 0.8152006172839507, 0.8125, 0.8186728395061729, 0.8194444444444444, 0.8136574074074074, 0.8128858024691358, 0.8094135802469136, 0.8109567901234568, 0.808641975308642, 0.8094135802469136, 0.8082561728395061, 0.8090277777777778, 0.8047839506172839, 0.8074845679012346, 0.8024691358024691, 0.7989969135802469, 0.8024691358024691, 0.8016975308641975, 0.8051697530864198, 0.8032407407407407, 0.8082561728395061, 0.8070987654320988, 0.8070987654320988, 0.8121141975308642, 0.8109567901234568, 0.8109567901234568, 0.816358024691358, 0.814429012345679, 0.8155864197530864, 0.8136574074074074, 0.8171296296296297, 0.8198302469135802, 0.8194444444444444, 0.8202160493827161, 0.8194444444444444, 0.8213734567901234, 0.8229166666666666, 0.8236882716049383, 0.8252314814814815, 0.8256172839506173, 0.8267746913580247, 0.8275462962962963, 0.8271604938271605, 0.8283179012345679, 0.8283179012345679, 0.8287037037037037, 0.8256172839506173, 0.8283179012345679, 0.8287037037037037, 0.8283179012345679, 0.8279320987654321, 0.8302469135802469, 0.8314043209876543, 0.8314043209876543, 0.8310185185185185, 0.8314043209876543, 0.8314043209876543, 0.8321759259259259, 0.8314043209876543, 0.8333333333333334, 0.8314043209876543, 0.8306327160493827], "loss": [1.233963021663604, 0.6776901026382859, 0.6337865299004831, 0.6133480523885401, 0.5978523250669241, 0.5837279274645779, 0.5715274497245749, 0.5596551657596855, 0.5485198161576266, 0.5373412581666568, 0.5268370337715303, 0.5163021587111332, 0.5060772003467988, 0.4962279564574545, 0.4861554320625685, 0.4764510107882045, 0.4667956333285497, 0.4572345268924111, 0.44725476019084454, 0.4369081553577641, 0.4264775453434314, 0.4158155135925353, 0.4044726516614542, 0.3924275301741781, 0.3807762573691614, 0.36891910438368347, 0.35811291858093974, 0.34662620802582417, 0.3361527523209835, 0.32554149551800005, 0.3156327215816688, 0.3058939669913624, 0.296082533194603, 0.28773330493519705, 0.27881922879267806, 0.2703097164170978, 0.26176658933867275, 0.2535705752613276, 0.24588428122669825, 0.23798920981654967, 0.23066387364617835, 0.22339670224989086, 0.21640083507669192, 0.20997807403658458, 0.20339246444335138, 0.19743989083777974, 0.19121963736014785, 0.18511623945547107, 0.1792919850781744, 0.17385951638865618, 0.16875926062556695, 0.16328466216240217, 0.1582890429223577, 0.15352691972432772, 0.14860401837511655, 0.1440364879090339, 0.13956370595612644, 0.1348525654628045, 0.130991477203084, 0.12681960295253422, 0.12256273000363123, 0.11859680724870643, 0.11481345994800421, 0.111524905928951, 0.1079667927812279, 0.10467552217758364, 0.10130580116845207, 0.09816477410380303, 0.09506703422542799, 0.09209694365257926, 0.08905776092828607, 0.08633155265340099, 0.08349902157809723], "acc": [0.5, 0.5000964506172839, 0.5366150655864198, 0.5924117476851852, 0.6143844039351852, 0.6300214602623457, 0.6454354745370371, 0.6659493152006173, 0.6872829861111112, 0.7120949074074074, 0.7386127989969136, 0.7625868055555556, 0.7870008680555556, 0.8104202835648148, 0.8303976176697531, 0.8505316840277778, 0.8678023726851852, 0.8842110339506173, 0.9003303433641975, 0.9149124710648148, 0.9290485146604939, 0.9422863618827161, 0.9548430266203703, 0.9646267361111112, 0.9727105034722222, 0.9782142168209876, 0.9820541570216049, 0.9851466049382716, 0.9879316165123457, 0.9896496431327161, 0.9910059799382716, 0.9923261477623457, 0.9933750482253086, 0.9937307098765432, 0.994677131558642, 0.9953281732253086, 0.9959249614197531, 0.9964252989969136, 0.9967387635030864, 0.9971848476080247, 0.99755859375, 0.9978419174382716, 0.9979865933641975, 0.9980830439814815, 0.9982880015432098, 0.9985472125771605, 0.998511043595679, 0.9986918885030864, 0.9987883391203703, 0.9988546489197531, 0.9989089023919753, 0.9989932966820988, 0.9991078317901234, 0.999047550154321, 0.9991440007716049, 0.9991138599537037, 0.9992103105709876, 0.9992525077160493, 0.9992042824074074, 0.9992886766975309, 0.9992525077160493, 0.9993549864969136, 0.9993308738425926, 0.9993489583333334, 0.9994032118055556, 0.9993790991512346, 0.9994092399691358, 0.9994333526234568, 0.9995237750771605, 0.9995177469135802, 0.999559944058642, 0.9996262538580247, 0.9996081693672839]}