{"val_loss": [0.6624723613998036, 0.6455992533836836, 0.6313131613495909, 0.6192949524632206, 0.607554433522401, 0.5978383031892188, 0.589742186628742, 0.5810120319142754, 0.5747129777331411, 0.5670365573447428, 0.5617673021775705, 0.556603299246894, 0.5520444541801641, 0.5476284954282973, 0.5457098712155848, 0.542515872437277, 0.5392713495242742, 0.5383513128315961, 0.537821587221122, 0.5364204704025646, 0.5363914046758487, 0.5368667620199697, 0.5370073002061726, 0.5377826904073174, 0.5408672521143784, 0.5400001539124383, 0.5420716007550558, 0.5442154915244491, 0.5461226951928786, 0.5496826650183878], "val_acc": [0.5385802469135802, 0.6219135802469136, 0.6743827160493827, 0.7071759259259259, 0.7183641975308642, 0.7272376543209876, 0.7357253086419753, 0.7395833333333334, 0.7403549382716049, 0.7469135802469136, 0.7484567901234568, 0.75, 0.7542438271604939, 0.7550154320987654, 0.7611882716049383, 0.7615740740740741, 0.7623456790123457, 0.7631172839506173, 0.7650462962962963, 0.7662037037037037, 0.7669753086419753, 0.7665895061728395, 0.7662037037037037, 0.7681327160493827, 0.7685185185185185, 0.7677469135802469, 0.7689043209876543, 0.7704475308641975, 0.7708333333333334, 0.7716049382716049], "loss": [0.697612481030785, 0.6647964832775387, 0.6503085026540506, 0.6379447331950988, 0.6266407439324223, 0.6158867507345147, 0.6053846308294638, 0.5953421615018153, 0.5853702098384131, 0.5755566472969489, 0.5659726977141367, 0.5566019138988153, 0.547294777162649, 0.5381124411698108, 0.5296540968235076, 0.5212432474219872, 0.5128425159319131, 0.504704452338226, 0.49724812820599773, 0.4898376965113444, 0.4826076883063824, 0.475973664863426, 0.46948508488267293, 0.4632600143574822, 0.45748481600556845, 0.45179545174548286, 0.4462897372949455, 0.4410285336298891, 0.43578314022333536, 0.4312133450107074], "acc": [0.5, 0.5, 0.5004099151234568, 0.5028151523919753, 0.5087589216820988, 0.5199291087962963, 0.5409553433641975, 0.5744176793981481, 0.6139805169753086, 0.6626097125771605, 0.7041618441358025, 0.7476912133487654, 0.7788387345679012, 0.8036205150462963, 0.8169126157407407, 0.8308919270833334, 0.839891975308642, 0.8445758584104939, 0.8494646990740741, 0.8530876253858025, 0.8558183834876543, 0.8577232831790124, 0.8602912808641975, 0.8615632233796297, 0.8625277295524691, 0.8635223765432098, 0.8649510513117284, 0.8661506558641975, 0.8671573591820988, 0.8678264853395061]}