{"val_loss": [0.7006485285582366, 0.6958489153120253, 0.6970624989933438, 0.6983838986467432, 0.6998381040714405, 0.7008480584179914, 0.7019023240348439, 0.7028514014350044, 0.7034935465565434, 0.7037670994982307, 0.703690176392779, 0.7039919679547534], "val_acc": [0.4930555555555556, 0.49691358024691357, 0.5, 0.5027006172839507, 0.5023148148148148, 0.5011574074074074, 0.501929012345679, 0.4996141975308642, 0.4992283950617284, 0.4988425925925926, 0.5, 0.5007716049382716], "loss": [1.2814149955448546, 0.7071446915513572, 0.6829948988455681, 0.679640913957063, 0.6776076624468889, 0.6764898461370189, 0.6758795311375533, 0.675397994870573, 0.6750125329435608, 0.6748423862420483, 0.6747092691560587, 0.6744455116812462], "acc": [0.5, 0.4997829861111111, 0.5181568287037037, 0.5573218074845679, 0.5726453993055556, 0.5774076485339507, 0.579149787808642, 0.5797465760030864, 0.5803071952160493, 0.5797345196759259, 0.5798912519290124, 0.5807653356481481]}