{"val_loss": [0.668995370099574, 0.6419729612491749, 0.6299212891378521, 0.6213295091817408, 0.6138121287027994, 0.6055103856840252, 0.5990631182988485, 0.593227744102478, 0.5875765394281458, 0.5814137311629307, 0.5741930471526252, 0.5710994792573246, 0.5660770579620644, 0.5625908705923293, 0.5595353105921804, 0.5566516915957133, 0.5554782380292445, 0.552818864951899, 0.5521900911390045, 0.5510048549852253, 0.5522790874963925, 0.5515817168318196, 0.5516395980929151, 0.5518875865288723, 0.5519319279694263, 0.5528110685171904, 0.5536002862600633, 0.5541820658577813, 0.5557229018505708, 0.5563781909000727], "val_acc": [0.5069444444444444, 0.6466049382716049, 0.6712962962962963, 0.6925154320987654, 0.7067901234567902, 0.7121913580246914, 0.7191358024691358, 0.7199074074074074, 0.7245370370370371, 0.7322530864197531, 0.7395833333333334, 0.7391975308641975, 0.7395833333333334, 0.7372685185185185, 0.7349537037037037, 0.7326388888888888, 0.7310956790123457, 0.7361111111111112, 0.7322530864197531, 0.7341820987654321, 0.7334104938271605, 0.7337962962962963, 0.7330246913580247, 0.7345679012345679, 0.7345679012345679, 0.7384259259259259, 0.7403549382716049, 0.7407407407407407, 0.7453703703703703, 0.7457561728395061], "loss": [0.9990275513242792, 0.68247089797148, 0.6479901096519128, 0.6341729749132086, 0.6234814162469573, 0.6139919347601173, 0.6052802978428425, 0.5969082388428995, 0.5886595943643723, 0.5802205826765225, 0.5721436508896726, 0.5641336573724761, 0.5564553054325558, 0.5484560274139598, 0.5407602947987156, 0.53330377150143, 0.5261153123904894, 0.5192166884993146, 0.5125307910328294, 0.5062388325064087, 0.5000487408129337, 0.49380659882301164, 0.48799638926155037, 0.48230782206411715, 0.476688153685335, 0.47179387519021093, 0.4660943881781013, 0.4608326698940845, 0.45582159608602524, 0.45106647682180745], "acc": [0.5, 0.5016034915123457, 0.5463083526234568, 0.5783781828703703, 0.5983555169753086, 0.6124614197530864, 0.6264708719135802, 0.6371467496141975, 0.6516083140432098, 0.6647557388117284, 0.679639274691358, 0.6964156539351852, 0.7181712962962963, 0.7402283468364198, 0.7627736786265432, 0.7803638599537037, 0.7968147183641975, 0.8098476080246914, 0.8192455150462963, 0.8257800443672839, 0.830590518904321, 0.8360279224537037, 0.8401692708333334, 0.8430386766975309, 0.8455222800925926, 0.8488076292438271, 0.8517252604166666, 0.8537266107253086, 0.8557520736882716, 0.8583200713734568]}