{"val_loss": [0.6969542061841046, 0.6950921872515737, 0.6961242895067474, 0.6971365323773137, 0.698191378587558, 0.6991567582259943, 0.7001232880133169, 0.7007975828500441, 0.7015003466311797, 0.7020271449913214, 0.7023585181177399, 0.7026716426566795], "val_acc": [0.4807098765432099, 0.5011574074074074, 0.5042438271604939, 0.498070987654321, 0.5003858024691358, 0.4996141975308642, 0.4996141975308642, 0.4988425925925926, 0.501929012345679, 0.5, 0.5, 0.5], "loss": [1.0418795823453018, 0.6999116691956182, 0.6835956474145254, 0.6801577172483559, 0.6783891506263136, 0.6775037531775457, 0.6770513902797743, 0.6766662879122628, 0.6765432424705338, 0.6763802494071884, 0.6761383144529881, 0.6761137976736566], "acc": [0.5, 0.5, 0.5175720968364198, 0.5554530767746914, 0.5691068672839507, 0.5730372299382716, 0.5747492283950617, 0.5754665798611112, 0.5753339602623457, 0.576123649691358, 0.5765938464506173, 0.5767626350308642]}