{"val_loss": [0.7314614705097529, 0.6959332271858498, 0.697166626100187, 0.6996163615473995, 0.7008613075739072, 0.7019657875284736, 0.7012246155444487, 0.7014666295345918, 0.7010191075595809, 0.7008198455527976, 0.7002378282723604, 0.699532413188322], "val_acc": [0.5, 0.4818672839506173, 0.5015432098765432, 0.5027006172839507, 0.5027006172839507, 0.5027006172839507, 0.5069444444444444, 0.5034722222222222, 0.5081018518518519, 0.5054012345679012, 0.5054012345679012, 0.5119598765432098], "loss": [2.6147955093118878, 0.7922478027779747, 0.6921247719430629, 0.6815612247144734, 0.6778127235118989, 0.675787777973362, 0.6745600884803283, 0.6738098052870712, 0.6728494859036104, 0.6720886700959118, 0.6712858108688652, 0.6708858647142295], "acc": [0.5, 0.5, 0.5048225308641975, 0.5379231770833334, 0.5690706983024691, 0.580078125, 0.5841953607253086, 0.5871732735339507, 0.5896990740740741, 0.5930447048611112, 0.5956609278549383, 0.596727912808642]}