{"val_loss": [0.6490439897702064, 0.6334249443478055, 0.6200771037443185, 0.6071079248263512, 0.5933424801002314, 0.5801077168664814, 0.5670077624144377, 0.5539955776414753, 0.5399310559402277, 0.5266671107139116, 0.5135397543141871, 0.5003380069026241, 0.4887339612584055, 0.478324889032929, 0.4681775047455305, 0.45896256190759166, 0.44870158478065775, 0.44216598809501273, 0.4350383789451034, 0.42766857478353715, 0.42191117229285063, 0.4160762738298487, 0.4113093912601471, 0.40795695266605897, 0.40287549922495713, 0.40031395981341233, 0.3972445159782598, 0.3941384333151358, 0.3903433393549036, 0.3902932968404558, 0.3875555686744643, 0.3843996786041024, 0.3836404703281544, 0.3811010045033914, 0.3807864174430753, 0.380643833566595, 0.37792665428585476, 0.3779317950025017, 0.3769605483537839, 0.3767552946084811, 0.3768276068163507, 0.3768134632228333, 0.37650645625444107, 0.3752805840821914, 0.37731475153087096, 0.375828402645794, 0.3760613740226369, 0.3760700159602695, 0.3771127631634842, 0.3775745424223535, 0.3777757923544189, 0.3759557512807257, 0.3768113178235513, 0.3763370734673959], "val_acc": [0.5127314814814815, 0.6477623456790124, 0.7114197530864198, 0.7465277777777778, 0.777391975308642, 0.7939814814814815, 0.8047839506172839, 0.8140432098765432, 0.8186728395061729, 0.8233024691358025, 0.8260030864197531, 0.8275462962962963, 0.8287037037037037, 0.8283179012345679, 0.8290895061728395, 0.8283179012345679, 0.8325617283950617, 0.8325617283950617, 0.8314043209876543, 0.8317901234567902, 0.8314043209876543, 0.8348765432098766, 0.8341049382716049, 0.8356481481481481, 0.8348765432098766, 0.8314043209876543, 0.8314043209876543, 0.8294753086419753, 0.8290895061728395, 0.8287037037037037, 0.8263888888888888, 0.8263888888888888, 0.8236882716049383, 0.8244598765432098, 0.8217592592592593, 0.8198302469135802, 0.8206018518518519, 0.8198302469135802, 0.8186728395061729, 0.8182870370370371, 0.816358024691358, 0.8159722222222222, 0.8155864197530864, 0.8167438271604939, 0.8140432098765432, 0.8155864197530864, 0.8171296296296297, 0.8175154320987654, 0.814429012345679, 0.8136574074074074, 0.8140432098765432, 0.8136574074074074, 0.8155864197530864, 0.8155864197530864], "loss": [0.7596116158191437, 0.6565259938806663, 0.6355070823366628, 0.6203749213183736, 0.6063494113860307, 0.5924461403700673, 0.5780445808475768, 0.5638690183031154, 0.5496773440160869, 0.5351571779537164, 0.5201278595759729, 0.5053832498896453, 0.49119377981319473, 0.4768923786871227, 0.4633695732480214, 0.4495653563558503, 0.4360548321640602, 0.4231805183039403, 0.41068417823838965, 0.3985708820990022, 0.38663897509284223, 0.37514807212591905, 0.36391820521726287, 0.3530905784487172, 0.3427081205939621, 0.3325135142048016, 0.3226345841669374, 0.31305214510885654, 0.3038774731879433, 0.2948764027326287, 0.28633255715608413, 0.2780186464596126, 0.26981735899814485, 0.26197358313373026, 0.2544826081448039, 0.24714277269617643, 0.2402038869827434, 0.23350186282653868, 0.2269068402985548, 0.22087520638618757, 0.21449564330072868, 0.20882388097981427, 0.20313987763092659, 0.19740896388014526, 0.19175131978858032, 0.1869853907034813, 0.18196783702314637, 0.1767770572864439, 0.17240383474869125, 0.16766325531550397, 0.16321151303472342, 0.15889227686932794, 0.15484364266093406, 0.15088274716802033], "acc": [0.5, 0.5016095196759259, 0.5257342303240741, 0.5502507716049383, 0.568871768904321, 0.5836287133487654, 0.6027862172067902, 0.6240113811728395, 0.6616572627314815, 0.7196602527006173, 0.7995394483024691, 0.8720401716820988, 0.9205488040123457, 0.9485737364969136, 0.9660493827160493, 0.9747600790895061, 0.9803059895833334, 0.9829161844135802, 0.9857253086419753, 0.9871720679012346, 0.9885645736882716, 0.9896436149691358, 0.9903368537808642, 0.9910964023919753, 0.9915123456790124, 0.9918740354938271, 0.9927119502314815, 0.9929169077932098, 0.9935558931327161, 0.99365234375, 0.9937427662037037, 0.9938874421296297, 0.9942370756172839, 0.9944782021604939, 0.9945746527777778, 0.9949242862654321, 0.9949604552469136, 0.9952437789351852, 0.9953643422067902, 0.9953462577160493, 0.9953281732253086, 0.9953522858796297, 0.9956114969135802, 0.9954668209876543, 0.9956476658950617, 0.9957079475308642, 0.9958104263117284, 0.9961299189814815, 0.9960214120370371, 0.9960636091820988, 0.9964373553240741, 0.9963650173611112, 0.9965217496141975, 0.9967025945216049]}