{"val_loss": [0.7100634994330229, 0.684254714736232, 0.6655826333128376, 0.6566849556970008, 0.6470601823594835, 0.6439933637042105, 0.6391594932403093, 0.635710898740792, 0.6338776931350614, 0.6289250821243098, 0.6270291496206213, 0.6222142805287867, 0.6214976391674559, 0.620000848799576, 0.6173386529639915, 0.6141321541350565, 0.6139543674610279, 0.6131103598041299, 0.6102817441210334, 0.6115440792507596, 0.6094217447587001, 0.6077537440959319, 0.6095135874218411, 0.6058989307026804, 0.6058641642700007, 0.604102239932543, 0.6067325906989015, 0.6054132411509384, 0.5994294970123856, 0.6036885093759607, 0.601583535288587, 0.6011457384368519, 0.6023230302481004, 0.5969268686977434, 0.5974795994935213, 0.5980396079428402, 0.5950803889168633, 0.5908634692062567, 0.5903956669348257, 0.593071699142456, 0.5873277746600869, 0.5935319853417668, 0.59076569772061, 0.5912774580496328, 0.5903108252419366, 0.5905771513044098, 0.591210808283017, 0.5858636652981793, 0.5907622634628673, 0.5861765900511801, 0.5896510886557308, 0.5893988506293592, 0.5926615956388874, 0.5930218387533117, 0.5897686194490503, 0.5897704105318329, 0.5929885513988542, 0.5921832002975322], "val_acc": [0.5, 0.5354938271604939, 0.6631944444444444, 0.6639660493827161, 0.6732253086419753, 0.6705246913580247, 0.6666666666666666, 0.6616512345679012, 0.6658950617283951, 0.6685956790123457, 0.6631944444444444, 0.6755401234567902, 0.6639660493827161, 0.6612654320987654, 0.6589506172839507, 0.6716820987654321, 0.6620370370370371, 0.6624228395061729, 0.6616512345679012, 0.6585648148148148, 0.6593364197530864, 0.6624228395061729, 0.6566358024691358, 0.6651234567901234, 0.6631944444444444, 0.6666666666666666, 0.6535493827160493, 0.6577932098765432, 0.6674382716049383, 0.6535493827160493, 0.6570216049382716, 0.6604938271604939, 0.6574074074074074, 0.6631944444444444, 0.6655092592592593, 0.658179012345679, 0.6670524691358025, 0.6766975308641975, 0.6763117283950617, 0.6705246913580247, 0.6813271604938271, 0.6670524691358025, 0.6751543209876543, 0.6728395061728395, 0.6736111111111112, 0.6716820987654321, 0.6651234567901234, 0.6840277777777778, 0.6716820987654321, 0.6805555555555556, 0.6720679012345679, 0.6728395061728395, 0.6732253086419753, 0.6682098765432098, 0.6743827160493827, 0.6728395061728395, 0.6693672839506173, 0.6712962962962963], "loss": [2.0559114087602977, 0.7446772348779587, 0.6795197318503519, 0.6623737852744482, 0.6522857556694451, 0.6454679595973388, 0.6398334828331883, 0.634815839636657, 0.6306398083904275, 0.6267564641426743, 0.6226206858538919, 0.6194288240584694, 0.616084244263209, 0.6130618155462506, 0.6103459924321484, 0.6070581567186264, 0.6044152669470619, 0.6017056881093684, 0.5991293371735532, 0.5967713850607843, 0.5945512788071309, 0.5921307609726986, 0.5902714598578988, 0.587641598633778, 0.5858757339394939, 0.5837061443929503, 0.5819562396356537, 0.5798016664583558, 0.5781782701335572, 0.5760374877394902, 0.5747517444147372, 0.5725372246248118, 0.5706802773645815, 0.5689072679774261, 0.5666874005332773, 0.5650229814841792, 0.5629877486714611, 0.5613402113272452, 0.5597126069076267, 0.5581395418647631, 0.5561703625422569, 0.5547789480008277, 0.5529840563389438, 0.5517138675384131, 0.5503216229931072, 0.5487105726712832, 0.5472953024630746, 0.5458123962981282, 0.5444209554037194, 0.5428725332941537, 0.541493955930626, 0.5403637224923313, 0.538673327603366, 0.5373435142438536, 0.5358903397472552, 0.5350484527118596, 0.5335305678646689, 0.5321144618691853], "acc": [0.5, 0.5, 0.5061426986882716, 0.5631872106481481, 0.6267059702932098, 0.6567201967592593, 0.6704402970679012, 0.68017578125, 0.6893928433641975, 0.6954752604166666, 0.7017264660493827, 0.7057412229938271, 0.7096836419753086, 0.7134934413580247, 0.7169355227623457, 0.7204619984567902, 0.7215772087191358, 0.7238136574074074, 0.7271834008487654, 0.7282564139660493, 0.7291787229938271, 0.731885368441358, 0.7304747781635802, 0.734887393904321, 0.7344895351080247, 0.7377387152777778, 0.7366717303240741, 0.7381968557098766, 0.7382149402006173, 0.7408311631944444, 0.7396014178240741, 0.7411747685185185, 0.7434293016975309, 0.7440321180555556, 0.7457501446759259, 0.7462143132716049, 0.7469919463734568, 0.7484326774691358, 0.7483181423611112, 0.7489812403549383, 0.7507776331018519, 0.7508861400462963, 0.7510669849537037, 0.7521158854166666, 0.7514347029320988, 0.7533817997685185, 0.7524052372685185, 0.7541956018518519, 0.7546838831018519, 0.7559678819444444, 0.7557207272376543, 0.7561306423611112, 0.7569203317901234, 0.757348331404321, 0.7584032600308642, 0.7581741898148148, 0.7595666956018519, 0.7601273148148148]}