{"val_loss": [0.7444464998480714, 0.6917457639435192, 0.6899210361786831, 0.683996664153205, 0.6772598256299525, 0.6721614628662298, 0.6677981762238491, 0.6638893646958434, 0.6599368519253201, 0.6567667546095671, 0.6539026616532125, 0.6504365014441219, 0.6478298115141597, 0.6449947820769416, 0.6425310947276928, 0.6401423598513191, 0.6385189029905531, 0.6366464650189435, 0.6346737072791582, 0.6332587930891249, 0.6328156730275095, 0.6319074351110576, 0.6314592479187765, 0.6317275092925554, 0.6293423985257561, 0.6311963362458312, 0.6304004332165659, 0.631576258459209, 0.6333906650543213, 0.6334452437765804, 0.6351203050142453, 0.6371029630119418, 0.6382084599247685, 0.6407467715534163, 0.6417775198265359], "val_acc": [0.5, 0.5231481481481481, 0.5393518518518519, 0.566358024691358, 0.6111111111111112, 0.6188271604938271, 0.6265432098765432, 0.6331018518518519, 0.6319444444444444, 0.6408179012345679, 0.6477623456790124, 0.6458333333333334, 0.6500771604938271, 0.6550925925925926, 0.6527777777777778, 0.6508487654320988, 0.6527777777777778, 0.6516203703703703, 0.6516203703703703, 0.6489197530864198, 0.6481481481481481, 0.6481481481481481, 0.6462191358024691, 0.6454475308641975, 0.6500771604938271, 0.6404320987654321, 0.6419753086419753, 0.6419753086419753, 0.6381172839506173, 0.6423611111111112, 0.6400462962962963, 0.6423611111111112, 0.6469907407407407, 0.6419753086419753, 0.6412037037037037], "loss": [1.172173750690288, 0.727388638911056, 0.6913421491137993, 0.6870259260413824, 0.6811889162126147, 0.6752922732245039, 0.6702185427701032, 0.665208102721307, 0.660431165340138, 0.6556153372160078, 0.6507087775310616, 0.6460487072206573, 0.6412744828856286, 0.6363823284613498, 0.6314507956260148, 0.6265294541041424, 0.621543674097385, 0.6165128318293963, 0.6111333217517829, 0.6060410806058366, 0.6008699209785756, 0.5953934573924836, 0.5904908483549033, 0.584953330066285, 0.5803975198348915, 0.5752410268480027, 0.5707379038687106, 0.5656780221350031, 0.5616307825103034, 0.5575004327973282, 0.5532870036607356, 0.5493800858219648, 0.545768153278824, 0.5419287096226105, 0.5388511681331345], "acc": [0.5, 0.5, 0.505811149691358, 0.5258246527777778, 0.5357892071759259, 0.5552601755401234, 0.5772388599537037, 0.5968424479166666, 0.6190863715277778, 0.6352900752314815, 0.6531334394290124, 0.6700122974537037, 0.6827739197530864, 0.695824893904321, 0.7052228009259259, 0.7135898919753086, 0.7223126446759259, 0.730004581404321, 0.7358519000771605, 0.7397882908950617, 0.7459189332561729, 0.7515914351851852, 0.7532009548611112, 0.7567575713734568, 0.7588614004629629, 0.7611099054783951, 0.7626048900462963, 0.7656430844907407, 0.7660409432870371, 0.7672465760030864, 0.7685968846450617, 0.7688018422067902, 0.7699351369598766, 0.7692660108024691, 0.7705982349537037]}