{"val_loss": [0.6931153874338409, 0.6931058668795927, 0.6931066814764046, 0.693065365155538, 0.6930583303357348, 0.6930201708534618, 0.6929674060256393, 0.692903122784179, 0.6927692316196583, 0.6926462937284399, 0.6924119142838466, 0.6921486442471728, 0.6917099525899063, 0.6910544560279375, 0.6898913641034821, 0.688497848716783, 0.6861098651532773, 0.6831678159442949, 0.6797954830122582, 0.6759201023313735, 0.6719782219992744, 0.668279755262681, 0.6641058325767517, 0.6604030787208934, 0.6569629112879435, 0.6542241058231871, 0.6503435181982723, 0.6479560975675229, 0.6451702338677866, 0.6423198028847024, 0.6402104953188955, 0.637933247619205, 0.6362033177305151, 0.6335688836780595, 0.6317582351190073, 0.6306452868897238, 0.6293601150865908, 0.6274655895468629, 0.626595985006403, 0.62473601029243, 0.6262022389305962, 0.6252968752825702, 0.6254255514086029, 0.624160980000908, 0.6247337791654799, 0.6244462375287656, 0.6264670101212867, 0.6258395733656706, 0.6268210197672431, 0.6275172410187898, 0.6273319551974167, 0.6285518731599973, 0.628149480731399, 0.6307397094773658], "val_acc": [0.501929012345679, 0.5042438271604939, 0.5, 0.5223765432098766, 0.5, 0.4992283950617284, 0.5030864197530864, 0.5111882716049383, 0.5725308641975309, 0.5860339506172839, 0.5744598765432098, 0.6026234567901234, 0.6138117283950617, 0.6215277777777778, 0.5667438271604939, 0.6138117283950617, 0.5991512345679012, 0.6165123456790124, 0.6408179012345679, 0.6462191358024691, 0.6458333333333334, 0.6608796296296297, 0.6566358024691358, 0.658179012345679, 0.6597222222222222, 0.6736111111111112, 0.6701388888888888, 0.6701388888888888, 0.6705246913580247, 0.6701388888888888, 0.6709104938271605, 0.6705246913580247, 0.6689814814814815, 0.6709104938271605, 0.6697530864197531, 0.6709104938271605, 0.6693672839506173, 0.6616512345679012, 0.6612654320987654, 0.658179012345679, 0.6527777777777778, 0.652391975308642, 0.6485339506172839, 0.6520061728395061, 0.6489197530864198, 0.6508487654320988, 0.6473765432098766, 0.6493055555555556, 0.6477623456790124, 0.6485339506172839, 0.6500771604938271, 0.6496913580246914, 0.6493055555555556, 0.6512345679012346], "loss": [0.694587066884578, 0.6931199715415268, 0.693114619564127, 0.6930950269976883, 0.6930759188569622, 0.693046401542278, 0.6930094429832182, 0.6929616956155241, 0.6928832920061218, 0.6927754795293749, 0.6926256163436689, 0.6924421192825209, 0.6921066932472182, 0.6916498107214769, 0.6909159274058946, 0.6898349836514688, 0.6882347326357792, 0.6860557717765555, 0.683253873070633, 0.6800444498198268, 0.676519566686985, 0.6726674826148852, 0.6686354873035057, 0.6645777672069308, 0.6603156605758417, 0.6559638152887792, 0.651468017425986, 0.6469779103810405, 0.6423172388961653, 0.6375587244092682, 0.6326686535030603, 0.6278540224158837, 0.6230486891933797, 0.6179181629170974, 0.6128609587702855, 0.6077432545522848, 0.6027002043240233, 0.5975583470254032, 0.592578887341567, 0.5876853772335582, 0.5827115996292344, 0.5777949992291354, 0.5730936439178976, 0.5683854758555507, 0.5639046731370466, 0.5595756464373366, 0.5553984213505446, 0.5519760912744167, 0.5478902482140211, 0.54425069488539, 0.5408963515526719, 0.537155311209736, 0.5334974705115144, 0.5301132475566349], "acc": [0.4999879436728395, 0.5020495756172839, 0.5031828703703703, 0.5065948109567902, 0.5025800540123457, 0.5036832079475309, 0.5036952642746914, 0.5010971257716049, 0.5008439429012346, 0.5011935763888888, 0.5007776331018519, 0.5000904224537037, 0.500048225308642, 0.5000361689814815, 0.5000542534722222, 0.5000301408179012, 0.5001145351080247, 0.5003375771604939, 0.5018084490740741, 0.5071252893518519, 0.5247636959876543, 0.551317756558642, 0.5866970486111112, 0.6133234471450617, 0.6350429205246914, 0.6525004822530864, 0.6704885223765432, 0.6808268229166666, 0.6939863040123457, 0.70556640625, 0.7136622299382716, 0.7225537712191358, 0.7292751736111112, 0.7366536458333334, 0.7444360050154321, 0.7488184799382716, 0.7545693479938271, 0.7593436535493827, 0.7629786361882716, 0.7674877025462963, 0.7700798128858025, 0.7734495563271605, 0.77587890625, 0.7781696084104939, 0.7791461709104939, 0.7814368730709876, 0.7829137731481481, 0.7836130401234568, 0.7848488136574074, 0.7864824459876543, 0.7873143325617284, 0.7877423321759259, 0.7898823302469136, 0.7911181037808642]}