{"val_loss": [0.7056855824258592, 0.6952431974587617, 0.696659584104279, 0.6979732932867827, 0.6994344113785543, 0.7008356886145509, 0.7012774627885701, 0.702226514433637, 0.7020471743595453, 0.7020798023836112, 0.7019141706419579, 0.7019404106669955], "val_acc": [0.4992283950617284, 0.4845679012345679, 0.4996141975308642, 0.5011574074074074, 0.501929012345679, 0.5027006172839507, 0.5042438271604939, 0.5034722222222222, 0.5046296296296297, 0.5015432098765432, 0.5, 0.5034722222222222], "loss": [1.6369604214703963, 0.7224886481546693, 0.6861674530362641, 0.6800843572221053, 0.6770035588171011, 0.6755801210018956, 0.6745125037376527, 0.6739522009674046, 0.6733466649405014, 0.672913666193684, 0.6723263314062798, 0.6716734160105755], "acc": [0.5, 0.500024112654321, 0.5093135127314815, 0.5484905478395061, 0.5740921585648148, 0.5806327160493827, 0.5834900655864198, 0.5841893325617284, 0.5860520351080247, 0.5866669077932098, 0.5875831886574074, 0.5905731577932098]}